"id","ele","forest","surveys","det991","det992","det993","det001","det002","det003","det011","det012","det013","det021","det022","det023","det031","det032","det033","det041","det042","det043","det051","det052","det053","det061","det062","det063","det071","det072","det073","date991","date992","date993","date001","date002","date003","date011","date012","date013","date021","date022","date023","date031","date032","date033","date041","date042","date043","date051","date052","date053","date061","date062","date063","date071","date072","date073"
1,450,3,3,0,0,0,0,0,0,0,0,0,0,0,0,0,0,0,0,0,0,0,0,0,0,0,0,0,0,0,34,59,65,33,48,68,30,54,76,29,58,73,24,49,76,28,51,74,35,52,73,19,56,65,20,46,54
2,450,21,3,0,0,0,0,0,0,0,0,0,0,0,0,0,0,0,0,0,0,0,0,0,0,0,0,0,0,0,17,33,65,22,50,66,14,28,61,13,39,62,18,40,68,23,38,59,20,35,65,15,28,55,19,50,56
3,1050,32,3,NA,NA,NA,0,0,0,1,1,0,0,0,0,1,1,1,0,0,0,0,0,0,0,0,1,0,1,0,NA,NA,NA,38,67,85,28,50,83,30,47,74,26,55,87,25,60,95,24,59,87,23,62,90,22,55,61
4,950,9,3,0,0,0,1,0,0,0,0,0,0,0,0,0,1,0,0,0,0,0,0,0,0,0,1,0,1,1,29,59,65,33,48,68,24,54,76,39,61,77,31,62,76,24,54,74,22,60,76,22,57,78,22,49,70
5,1150,35,3,0,0,0,1,1,1,0,0,1,1,0,0,1,1,0,1,1,0,1,0,0,0,0,0,1,1,1,24,45,65,21,46,71,31,56,73,23,44,71,16,44,70,22,48,69,28,51,73,23,42,70,15,43,60
6,550,2,3,NA,NA,NA,0,0,0,0,0,0,0,0,0,0,0,0,0,0,0,0,0,0,0,0,0,0,0,0,NA,NA,NA,22,35,72,27,55,80,28,56,73,24,51,60,27,55,64,27,39,55,29,40,52,21,40,49
7,750,6,3,0,0,0,0,0,1,NA,NA,NA,NA,NA,NA,0,1,0,0,0,0,0,0,0,0,0,0,0,0,0,26,54,74,23,37,71,NA,NA,NA,NA,NA,NA,37,60,74,20,48,55,22,43,69,29,52,65,21,53,64
8,650,60,3,0,0,0,0,0,0,0,0,0,0,0,0,0,1,0,0,0,0,0,0,1,1,1,1,0,1,1,23,43,71,24,37,70,17,41,76,17,56,73,31,45,71,21,53,75,22,41,69,24,54,69,37,50,65
9,550,5,3,0,0,0,0,0,0,0,0,0,0,0,0,NA,NA,NA,0,0,0,0,0,0,0,0,0,0,0,0,21,36,56,18,31,55,18,41,54,16,37,76,NA,NA,NA,34,48,67,23,49,65,23,44,66,29,43,57
10,550,13,3,0,0,0,1,0,0,0,0,0,0,0,1,0,0,0,0,0,0,0,0,0,0,0,1,0,0,0,37,62,75,21,49,67,26,49,62,24,47,74,14,43,64,20,44,70,21,36,70,21,40,68,20,40,60
11,1150,50,3,0,0,0,1,0,0,1,0,1,0,0,0,1,1,1,0,0,0,0,0,0,0,0,0,1,1,1,25,47,63,19,53,68,27,40,69,25,46,70,34,53,66,26,49,58,29,42,63,33,58,75,14,40,52
12,750,57,3,1,0,0,0,0,0,0,0,1,0,1,1,1,1,0,1,1,0,0,0,0,1,0,0,1,1,0,24,39,53,21,37,52,18,32,50,21,38,50,18,34,48,18,41,60,14,31,52,20,58,81,21,57,70
13,1250,84,3,0,0,0,0,0,0,0,0,0,0,0,0,0,0,1,0,0,1,1,1,1,0,0,0,0,1,1,29,52,72,22,62,71,27,43,66,30,60,74,36,60,78,33,54,68,29,57,64,40,55,83,49,65,84
14,750,15,3,0,0,1,0,0,0,NA,NA,NA,0,0,0,0,0,0,0,0,0,0,0,0,0,0,0,0,0,0,48,58,77,38,70,84,NA,NA,NA,39,64,90,32,67,87,21,45,55,22,41,59,22,55,73,18,52,64
15,450,17,3,0,0,0,NA,NA,NA,0,0,0,0,0,0,0,0,1,0,0,0,0,0,0,1,0,0,0,0,0,35,61,82,NA,NA,NA,34,50,84,28,49,81,24,53,60,27,56,67,22,51,73,15,52,72,15,43,62
16,1050,58,3,0,0,0,0,0,0,0,0,0,0,0,0,0,0,0,0,0,0,0,0,0,0,0,0,0,0,0,45,60,69,41,63,76,29,54,63,41,69,71,34,61,68,53,67,71,31,45,58,29,48,71,16,43,56
17,750,26,3,0,0,0,0,0,0,0,1,0,0,0,0,1,1,1,0,1,0,0,1,0,1,0,0,0,0,1,24,43,72,25,43,72,21,42,77,18,50,72,15,28,58,17,46,83,39,67,81,26,67,87,26,49,69
18,1250,32,3,0,0,0,0,0,1,1,1,1,0,1,0,0,0,1,0,0,0,1,1,0,0,0,0,0,1,1,33,55,74,31,54,76,30,55,75,35,58,75,34,60,76,41,60,74,29,54,75,34,58,73,36,66,79
19,1250,66,3,0,0,0,1,1,0,0,0,0,0,0,0,1,0,1,0,0,0,0,0,0,0,0,0,1,1,1,37,58,74,23,58,71,41,51,80,28,39,61,33,52,66,33,58,75,37,51,72,27,47,75,24,53,72
20,350,45,3,0,0,0,0,0,0,0,0,0,0,0,0,0,0,0,0,0,0,0,0,0,0,0,0,0,0,0,10,32,63,30,52,78,16,42,77,21,40,86,12,41,61,18,45,73,23,52,66,16,43,58,22,49,61
21,750,44,3,0,0,0,0,0,0,0,0,0,0,0,0,0,0,0,0,0,0,0,0,0,0,1,0,0,0,0,20,33,54,14,35,56,13,39,54,17,37,59,15,35,58,23,40,57,15,29,50,17,29,50,19,26,54
22,750,9,3,0,0,0,0,0,0,0,0,0,0,0,0,0,0,0,NA,NA,NA,0,0,0,1,1,0,0,0,0,30,58,72,26,47,76,34,60,75,20,54,70,20,27,55,NA,NA,NA,27,40,62,33,68,85,18,46,77
23,550,31,3,0,0,0,0,0,0,0,0,0,0,0,0,0,0,0,0,1,0,0,0,0,1,0,1,0,0,0,31,46,60,30,44,59,13,36,64,20,42,63,18,48,69,25,51,74,30,51,73,29,51,74,22,50,70
24,350,8,3,0,0,0,0,0,0,0,0,0,0,0,0,0,0,0,0,0,0,0,0,0,0,0,0,0,0,0,26,59,84,35,67,85,35,52,73,35,50,75,27,47,60,27,52,62,22,49,57,30,44,65,15,36,65
25,1350,78,3,0,0,0,0,0,1,0,0,0,0,0,0,0,0,1,1,1,1,1,1,0,0,0,0,0,0,1,54,82,107,54,85,92,51,76,94,54,75,99,58,81,97,49,70,79,56,66,71,43,72,90,40,68,80
26,550,37,3,0,0,0,0,0,1,0,0,0,0,0,0,0,0,0,0,0,0,0,0,0,0,0,0,0,0,0,26,54,67,22,51,74,24,52,73,30,50,76,21,35,61,17,32,53,31,56,78,15,45,69,14,28,54
27,1150,18,3,0,0,0,1,1,1,1,1,1,0,0,0,1,1,1,0,0,0,0,0,1,0,1,1,1,1,1,27,54,67,21,54,71,30,42,61,26,47,71,25,49,65,24,47,56,41,55,76,41,65,76,26,52,66
28,1450,54,3,0,1,1,1,1,0,0,0,0,1,1,0,1,1,0,0,1,1,1,1,1,1,1,1,1,1,1,37,61,73,36,58,73,36,56,73,47,62,77,32,53,80,42,68,86,32,69,86,33,65,77,27,55,74
29,950,6,3,0,1,0,0,0,0,0,0,1,0,0,0,0,1,1,0,0,0,0,0,1,0,0,1,1,0,0,26,57,76,21,43,71,18,43,84,20,40,61,17,46,75,18,46,85,31,55,74,24,50,77,14,39,64
30,650,3,3,0,0,0,0,0,0,0,0,0,0,0,0,0,0,0,0,0,0,0,0,0,0,0,0,0,0,0,28,58,69,18,47,75,24,46,59,17,46,61,19,41,64,15,49,60,26,40,62,25,46,67,17,33,54
31,550,27,3,0,0,0,0,0,0,0,0,0,0,0,0,0,0,0,0,0,0,0,0,0,0,0,0,0,0,0,12,39,60,21,37,73,20,49,67,15,45,66,15,48,69,46,60,87,30,44,50,18,26,42,18,33,50
32,850,56,3,0,0,0,0,0,1,0,0,0,0,0,1,0,0,1,1,1,0,0,0,1,0,0,0,1,0,0,30,54,65,31,59,75,33,49,73,37,60,90,33,57,85,27,46,77,22,42,71,29,57,71,25,51,65
33,1250,66,3,0,0,0,1,1,1,0,0,0,1,0,0,0,0,1,0,0,0,0,0,1,1,0,0,0,0,1,47,76,86,43,54,76,34,52,83,45,61,86,31,57,78,26,54,85,29,55,82,25,47,83,25,39,82
34,450,5,3,0,0,0,0,0,0,NA,NA,NA,NA,NA,NA,0,0,0,0,0,0,0,0,0,0,0,0,0,0,0,26,53,76,22,44,66,NA,NA,NA,NA,NA,NA,17,42,65,16,43,64,14,33,68,19,34,66,18,38,56
35,1250,51,3,0,1,0,1,0,0,0,0,0,0,0,0,1,1,1,1,1,1,0,0,0,0,1,0,1,1,1,31,60,71,35,53,70,33,53,74,46,62,76,24,52,71,34,57,85,29,43,78,26,46,74,25,52,71
36,1150,43,3,0,0,0,NA,NA,NA,NA,NA,NA,0,0,1,0,1,0,0,0,1,0,0,0,0,0,1,1,1,0,30,58,84,NA,NA,NA,NA,NA,NA,39,60,83,19,41,80,41,60,78,31,72,87,26,47,81,13,50,68
37,750,40,3,1,0,0,0,0,0,0,0,0,0,0,1,0,0,1,0,1,1,0,0,1,0,0,1,0,0,0,26,57,63,26,49,68,17,52,66,23,45,58,16,34,62,16,42,63,32,39,61,32,41,66,15,31,51
38,550,5,3,NA,NA,NA,0,0,0,0,0,0,0,0,0,0,0,0,0,0,0,0,0,0,0,0,0,0,0,0,NA,NA,NA,19,54,74,28,66,83,13,40,74,16,55,62,16,53,76,28,40,54,19,46,70,18,57,72
39,450,3,3,0,0,0,0,0,0,0,0,0,0,0,0,0,0,0,0,0,0,0,0,0,0,0,0,0,0,0,24,32,70,26,36,59,33,50,53,29,46,48,23,48,53,21,41,64,23,35,55,22,47,50,15,43,53
40,1250,52,3,0,0,0,0,0,0,1,1,1,1,1,1,1,1,1,0,1,1,0,0,0,0,0,1,1,1,1,32,68,96,26,47,76,32,51,82,35,50,72,34,53,73,34,55,80,41,55,79,47,58,71,26,49,65
41,950,38,3,0,0,0,0,0,0,0,1,0,0,0,0,1,1,0,0,0,0,1,0,0,0,0,1,0,0,0,28,55,65,19,47,61,32,53,69,24,52,62,17,54,72,21,42,57,37,55,69,22,54,77,17,54,66
42,550,49,3,0,0,0,0,0,0,0,0,0,0,0,0,0,0,0,0,0,0,0,0,0,0,0,0,0,0,0,32,54,74,22,54,71,39,63,74,43,51,62,42,60,69,26,42,66,30,57,72,52,65,76,14,40,63
43,1850,15,2,0,0,NA,0,1,NA,NA,NA,NA,0,0,NA,0,0,NA,0,0,NA,0,0,NA,0,0,NA,0,0,NA,77,93,NA,43,67,NA,NA,NA,NA,69,94,NA,39,60,NA,58,82,NA,58,72,NA,65,72,NA,66,84,NA
44,1950,62,3,0,0,0,1,0,0,0,0,0,0,0,0,0,0,0,0,0,0,1,0,0,0,0,0,1,0,0,45,66,88,43,71,91,42,75,92,60,73,84,59,77,85,58,68,76,63,70,77,68,72,80,33,53,79
45,1050,82,3,0,0,0,1,0,0,0,0,0,1,0,0,0,1,0,0,1,0,0,0,0,0,0,0,1,0,0,32,60,72,22,50,65,28,49,60,24,50,76,14,45,71,15,31,65,27,41,76,18,42,67,17,38,67
46,2050,0,2,0,0,NA,0,0,NA,0,0,0,0,0,NA,0,0,NA,0,0,NA,0,0,NA,0,0,NA,0,0,NA,66,72,NA,62,71,NA,84,91,NA,76,83,NA,61,68,NA,74,80,NA,66,73,NA,72,79,NA,69,76,NA
47,1250,29,3,0,0,0,0,0,0,0,0,0,0,0,1,1,1,1,0,1,0,0,0,0,0,0,0,1,1,0,31,54,65,26,47,68,31,49,73,21,47,73,16,35,75,28,49,70,30,49,72,23,47,70,14,31,70
48,750,5,3,0,0,0,0,0,0,0,0,0,0,0,0,1,1,1,0,1,1,0,0,0,0,0,1,0,1,0,24,53,73,30,51,75,18,53,73,23,36,69,28,42,65,16,54,68,28,56,73,40,49,70,14,40,60
49,2250,0,2,0,0,NA,0,0,NA,0,0,0,0,0,NA,0,0,NA,0,0,NA,1,0,NA,0,0,NA,0,0,NA,86,98,NA,86,100,NA,85,101,NA,83,99,NA,61,97,NA,113,114,NA,90,103,NA,73,85,NA,54,80,NA
50,1750,58,3,0,0,0,1,1,1,0,0,0,1,0,1,0,0,1,0,0,0,0,1,1,1,0,0,0,1,1,33,59,75,37,51,64,43,66,86,47,72,81,45,65,85,48,79,91,42,71,81,32,67,80,42,64,77
51,2250,0,2,0,0,NA,0,0,NA,0,0,0,0,0,NA,0,0,NA,0,0,NA,0,0,NA,0,0,NA,0,0,NA,79,100,NA,63,92,NA,76,97,NA,60,94,NA,64,96,NA,71,96,NA,62,95,NA,81,95,NA,73,98,NA
52,1150,34,3,0,0,0,1,1,0,0,0,0,0,0,0,1,1,1,1,1,0,0,0,1,0,0,0,0,1,1,31,60,71,35,53,70,33,53,74,31,46,76,25,54,72,33,58,83,28,42,77,32,48,76,26,54,73
53,1150,98,3,1,0,0,0,1,0,1,1,1,1,0,1,1,1,1,0,1,1,0,1,1,0,0,1,1,1,1,27,43,67,22,39,45,14,44,55,28,43,62,22,39,64,21,33,60,31,71,77,23,36,53,15,37,48
54,650,33,3,0,0,0,0,0,0,0,0,0,0,0,0,0,0,0,0,0,0,0,0,0,0,0,0,0,0,0,18,54,73,25,51,72,31,54,79,21,45,74,18,55,69,37,44,58,32,45,72,15,37,55,22,43,63
55,550,53,3,0,0,0,0,0,0,0,0,0,0,0,0,0,0,0,0,0,0,0,0,0,0,0,0,0,0,0,31,45,59,29,43,59,18,35,54,28,42,62,26,40,54,17,45,59,30,44,58,22,36,50,23,41,56
56,1850,17,3,0,0,0,1,1,0,0,0,0,0,0,0,0,0,0,0,0,0,1,0,1,0,0,1,0,0,0,65,80,87,58,71,85,56,84,91,55,63,76,54,69,75,60,72,88,55,66,78,55,70,79,43,56,77
57,950,16,3,0,1,1,0,0,0,0,0,0,1,0,0,0,0,0,0,0,0,0,0,0,0,0,1,0,0,0,33,40,74,33,51,74,26,44,66,28,39,62,22,35,59,27,41,71,26,43,54,15,42,70,29,43,70
58,550,60,3,0,0,0,0,0,0,0,0,0,0,0,0,0,0,0,0,0,0,0,0,0,0,0,0,1,0,1,39,54,63,21,39,64,24,40,63,27,50,90,17,48,69,17,33,57,31,41,55,17,42,55,22,40,49
59,450,2,3,0,0,0,0,0,0,0,0,0,0,0,0,0,0,0,0,0,0,NA,NA,NA,0,0,0,0,0,0,23,40,70,21,43,76,34,44,68,28,52,84,20,53,84,31,79,88,NA,NA,NA,33,47,66,23,40,55
60,1450,52,3,0,0,1,1,1,1,1,1,1,1,1,1,1,1,1,0,1,1,1,1,1,1,0,0,1,1,1,31,53,72,22,44,74,28,63,84,26,48,76,18,41,67,17,50,70,21,45,71,20,50,71,20,48,68
61,850,58,3,0,0,0,0,0,0,0,0,0,0,0,0,0,0,0,0,0,0,0,0,0,0,0,0,0,0,0,26,48,82,31,56,73,23,46,76,24,45,61,16,39,60,21,41,72,27,41,63,27,42,73,20,39,64
62,1450,50,3,0,0,1,0,1,1,1,0,0,0,0,1,1,1,0,0,1,0,1,0,0,0,0,0,1,0,0,46,59,73,31,51,65,42,55,68,23,46,75,26,48,63,29,54,75,29,50,77,31,52,73,16,40,66
63,1850,12,2,NA,NA,NA,1,0,NA,0,0,0,0,0,NA,1,1,NA,0,0,NA,1,1,NA,0,0,NA,0,1,NA,NA,NA,NA,54,81,NA,59,94,NA,46,65,NA,58,66,NA,57,69,NA,55,64,NA,72,77,NA,52,74,NA
64,1450,29,3,0,0,1,1,0,1,0,0,0,0,0,1,1,1,0,0,1,1,0,0,0,0,0,0,0,0,0,29,46,60,26,44,62,29,43,54,17,42,62,35,46,63,45,57,69,34,57,70,54,69,80,17,37,70
65,550,16,3,0,0,0,0,0,0,0,0,0,0,0,0,0,0,0,0,0,0,0,0,0,0,0,0,0,0,0,23,53,62,30,40,61,28,49,58,30,37,46,17,58,74,17,55,71,33,42,77,15,40,64,17,30,52
66,550,83,3,0,0,0,0,1,0,0,0,0,1,1,1,0,1,0,1,1,0,0,0,1,0,0,0,1,0,0,39,43,71,21,44,73,27,41,61,21,50,61,21,41,55,25,50,59,22,45,56,15,31,55,22,40,49
67,750,79,3,0,0,0,1,0,1,0,0,1,0,0,0,1,0,0,0,0,0,0,1,0,0,0,0,0,1,0,29,57,70,23,37,64,13,27,54,20,35,59,18,47,54,15,42,60,23,44,58,35,67,75,27,49,66
68,1750,51,3,0,0,1,1,1,1,1,1,0,1,0,0,0,1,1,1,1,0,1,0,1,0,0,1,0,1,0,54,73,83,43,73,81,41,65,85,47,69,77,34,60,75,45,58,72,42,57,72,49,65,77,34,55,70
69,650,8,3,0,0,0,0,0,0,0,0,0,0,0,0,0,0,0,0,0,0,0,0,0,0,0,0,0,0,0,24,41,69,16,46,63,17,41,62,16,43,59,15,38,56,20,40,65,22,39,54,19,40,61,15,33,60
70,950,45,3,0,1,0,1,1,0,0,0,0,0,1,1,1,1,1,0,1,1,1,0,1,0,1,0,1,1,1,25,39,54,21,37,58,27,36,50,13,39,55,28,47,64,41,48,71,40,50,61,27,50,76,20,43,67
71,550,5,3,NA,NA,NA,0,0,0,0,0,0,0,0,0,0,0,0,0,0,0,0,0,0,0,0,0,0,0,0,NA,NA,NA,21,36,52,18,35,56,20,36,60,21,32,68,25,46,53,23,38,56,17,36,57,14,29,56
72,750,64,3,0,0,0,0,0,0,0,0,0,0,0,0,0,0,0,0,0,0,0,0,0,0,0,0,1,0,0,28,56,64,20,41,64,27,44,55,26,40,47,20,41,65,21,44,54,26,54,78,34,54,67,24,50,60
73,350,14,3,0,0,0,0,0,0,0,0,0,0,0,0,0,0,0,0,0,0,0,0,0,0,0,0,0,0,0,43,67,76,42,68,75,43,50,78,20,55,77,40,61,69,25,50,74,16,59,73,37,72,79,23,54,70
74,2750,0,2,0,0,NA,0,0,NA,0,0,0,0,0,NA,0,0,NA,0,0,NA,0,0,NA,0,0,NA,0,0,NA,85,99,NA,80,94,NA,85,105,NA,91,99,NA,89,99,NA,91,107,NA,85,97,NA,94,101,NA,89,103,NA
75,2450,0,2,0,0,NA,0,0,NA,0,0,0,0,0,NA,0,0,NA,0,0,NA,0,0,NA,0,0,NA,0,0,NA,86,100,NA,78,85,NA,86,93,NA,76,84,NA,76,83,NA,91,95,NA,80,105,NA,80,86,NA,77,83,NA
76,650,0,3,0,0,0,0,0,0,0,0,0,0,0,0,0,0,0,0,0,0,0,0,0,0,0,0,0,0,0,26,40,56,19,43,55,18,40,57,22,45,56,16,41,57,16,41,53,32,45,50,20,38,48,43,56,63
77,650,30,3,0,0,0,0,0,0,0,0,0,1,1,1,0,1,0,0,0,0,0,0,0,0,1,0,0,0,1,45,58,75,22,42,63,28,56,65,21,50,63,18,41,61,25,53,67,21,50,65,19,57,72,14,49,63
78,750,17,3,0,0,0,0,0,0,0,0,0,0,0,0,1,0,1,0,0,0,0,1,1,0,0,0,0,0,0,24,39,73,30,50,72,43,56,78,20,40,68,19,34,68,24,45,72,30,57,73,17,30,58,17,27,55
79,450,65,3,0,0,0,0,1,1,0,0,0,0,0,0,0,0,0,0,0,0,0,0,0,0,0,0,1,0,0,31,43,63,24,44,64,28,43,66,20,45,51,17,40,53,15,32,56,23,35,54,15,31,50,15,39,65
80,350,30,3,0,0,0,0,0,0,0,0,0,0,0,0,0,0,0,0,0,0,0,0,0,0,0,0,0,0,0,18,32,60,19,31,59,14,40,63,18,37,62,18,31,48,18,31,50,16,38,59,15,30,66,17,29,46
81,250,0,3,0,0,0,0,0,0,0,0,0,0,0,0,0,0,0,0,0,0,0,0,0,0,0,0,0,0,0,31,47,73,21,44,65,21,31,65,28,50,63,27,54,83,25,45,60,23,45,52,29,36,43,21,36,49
82,1950,5,2,0,0,NA,0,0,NA,0,0,0,0,0,NA,1,0,NA,0,0,NA,0,0,NA,0,0,NA,1,0,NA,65,80,NA,64,77,NA,57,84,NA,76,91,NA,62,69,NA,60,95,NA,80,91,NA,77,91,NA,70,84,NA
83,950,55,3,0,0,0,0,0,0,0,0,0,0,0,0,0,0,0,0,0,0,0,0,0,0,0,0,0,0,0,32,54,69,21,39,72,31,55,73,23,50,74,18,61,82,25,50,60,30,45,72,30,55,69,17,34,65
84,2350,0,2,0,0,NA,0,0,NA,0,0,0,0,0,NA,0,0,NA,0,0,NA,0,0,NA,0,0,NA,0,0,NA,54,83,NA,44,77,NA,80,101,NA,56,83,NA,62,88,NA,55,88,NA,58,82,NA,72,92,NA,68,90,NA
85,2650,0,2,0,0,NA,0,0,NA,0,0,0,0,0,NA,0,0,NA,0,0,NA,0,0,NA,0,0,NA,0,0,NA,84,106,NA,78,90,NA,81,101,NA,87,102,NA,88,100,NA,89,100,NA,85,102,NA,94,101,NA,88,102,NA
86,2450,0,2,0,0,NA,0,0,NA,0,0,0,0,0,NA,0,0,NA,0,0,NA,0,0,NA,0,0,NA,0,0,NA,92,95,NA,82,88,NA,86,101,NA,88,96,NA,86,98,NA,90,105,NA,62,90,NA,91,94,NA,53,70,NA
87,1350,66,3,0,0,0,1,1,1,0,0,0,0,1,0,NA,NA,NA,0,0,1,0,0,1,0,1,1,0,1,0,47,59,75,41,68,89,46,66,76,27,40,65,NA,NA,NA,54,78,90,33,55,74,47,81,88,37,50,75
88,750,8,3,0,0,0,0,0,0,0,0,0,0,0,0,0,0,1,1,0,0,0,0,1,0,0,0,0,0,0,25,46,64,24,53,66,27,45,68,26,47,72,32,43,64,28,40,55,27,55,62,25,55,71,17,34,56
89,450,75,3,0,0,0,0,0,0,0,0,0,0,0,0,0,0,0,0,0,0,0,0,0,NA,NA,NA,NA,NA,NA,29,40,69,28,46,55,28,54,62,25,46,62,19,45,60,21,48,67,23,42,56,NA,NA,NA,NA,NA,NA
90,450,68,3,0,0,0,0,0,0,0,0,1,0,0,0,0,0,0,0,0,0,0,0,0,0,0,0,0,0,0,22,48,61,20,47,68,13,39,74,22,50,75,15,55,74,12,42,70,16,49,71,25,41,64,15,33,54
91,1950,72,3,0,1,0,1,1,1,1,0,0,0,0,0,0,0,0,0,0,0,0,0,0,1,1,0,0,0,1,76,90,105,55,75,91,54,73,88,64,78,94,58,73,91,58,75,92,55,77,91,66,80,91,51,80,98
92,1550,95,3,0,1,1,1,1,1,1,0,1,1,1,1,1,0,1,0,1,1,1,1,1,0,0,0,1,1,1,40,53,64,40,58,79,36,54,65,28,41,56,34,55,69,32,47,60,32,44,66,38,55,65,28,46,63
93,1850,57,3,0,1,1,1,1,1,1,1,1,0,0,0,0,0,1,1,0,0,1,1,1,0,0,1,0,0,0,60,64,91,50,64,82,25,69,90,50,76,90,34,61,95,51,71,92,52,79,86,43,64,79,43,56,68
94,1250,64,3,0,0,0,0,0,0,0,0,0,0,0,0,1,1,1,0,0,0,0,0,1,0,0,0,0,0,0,27,33,64,30,47,69,39,56,73,23,60,74,36,45,66,33,68,89,40,57,69,78,92,NA,37,55,67
95,1350,44,3,0,0,1,0,0,0,0,0,0,1,0,1,1,1,1,1,0,1,1,1,1,0,0,0,1,1,1,39,56,75,31,46,71,43,58,74,28,43,52,34,59,69,45,53,60,45,56,79,42,57,69,30,43,57
96,850,44,3,0,0,0,0,0,0,1,1,1,1,0,0,1,1,1,1,0,1,0,0,0,0,0,0,0,0,0,29,37,55,16,32,46,28,44,62,13,37,47,16,37,45,20,31,41,32,42,47,28,40,45,23,43,55
97,750,34,3,1,0,0,0,0,0,0,0,0,1,1,0,1,0,0,1,0,0,0,0,0,0,0,1,1,1,1,23,28,65,19,41,69,14,41,58,16,36,58,15,34,65,17,33,67,15,32,66,16,33,68,16,37,63
98,650,21,3,0,0,1,0,0,0,0,0,0,1,0,0,1,1,1,0,0,0,0,0,0,0,0,0,0,0,0,25,52,64,16,43,68,16,54,69,20,43,61,18,39,54,24,49,56,23,42,56,31,43,57,15,28,49
99,450,23,3,0,0,0,0,0,0,0,0,0,0,0,0,0,0,0,0,0,0,0,0,0,0,0,0,0,0,0,32,54,60,21,43,62,28,43,61,28,42,60,26,40,61,24,45,59,23,44,56,22,50,65,22,43,67
100,2350,1,2,0,0,NA,0,0,NA,0,0,0,0,0,NA,0,0,NA,0,0,NA,0,0,NA,0,0,NA,0,0,NA,72,91,NA,62,80,NA,75,96,NA,60,76,NA,60,81,NA,69,90,NA,64,87,NA,68,91,NA,68,90,NA
101,1650,43,3,0,0,0,0,0,0,0,0,0,1,0,1,0,0,0,1,1,0,1,1,0,0,0,0,1,0,1,59,64,80,41,47,59,35,51,56,27,42,62,25,48,61,27,42,55,32,47,68,32,46,57,26,42,65
102,2050,30,3,0,0,1,0,1,1,0,0,1,1,1,1,1,1,1,1,1,0,1,1,1,1,1,1,1,0,0,63,75,89,21,56,78,56,74,82,61,72,77,61,68,77,49,58,69,57,63,69,56,70,86,49,54,69
103,750,26,3,0,0,0,0,0,0,0,0,0,0,0,0,0,0,0,0,0,0,0,0,0,0,0,0,0,0,0,33,54,67,26,50,75,36,54,81,20,40,62,18,49,69,24,46,81,31,45,73,26,55,71,21,50,69
104,750,7,3,0,0,0,0,0,0,0,0,0,0,1,0,0,0,0,0,0,0,0,0,0,0,0,0,0,0,0,32,53,74,36,62,71,13,49,70,13,41,69,17,47,54,22,47,68,36,54,67,15,55,74,28,44,56
105,450,87,3,0,1,0,1,1,1,0,0,0,1,1,1,1,1,0,1,1,1,0,0,0,0,0,1,1,1,0,22,56,72,16,40,68,13,42,57,15,34,54,13,29,67,15,32,66,21,38,58,17,31,67,14,36,70
106,850,49,3,NA,NA,NA,0,0,0,0,0,0,0,0,0,0,0,0,0,0,0,0,0,0,0,0,0,0,0,0,NA,NA,NA,16,51,65,13,53,76,21,46,73,29,54,68,24,46,70,22,55,69,35,45,64,20,48,66
107,450,39,3,0,0,0,0,0,0,0,0,0,0,0,0,0,1,1,0,0,0,0,0,0,0,0,0,0,0,0,25,43,65,22,44,65,27,50,74,23,46,69,24,45,68,22,46,69,23,45,66,26,47,68,18,46,63
108,1050,93,3,0,0,0,1,0,1,0,0,0,0,0,0,0,0,1,0,0,0,1,0,0,0,0,0,0,0,0,31,54,64,21,40,63,13,39,53,20,37,50,25,48,63,26,41,57,28,49,59,26,46,62,25,42,53
109,1450,48,3,0,0,1,1,1,1,1,1,1,0,1,1,1,1,1,0,1,1,1,1,1,0,0,1,1,1,0,35,48,77,40,68,88,48,56,76,51,70,77,33,61,72,55,65,76,56,69,82,29,54,81,42,64,88
110,850,11,3,0,0,1,0,0,0,1,0,0,0,0,0,1,0,1,0,0,0,0,0,0,0,0,0,1,0,0,23,28,57,19,42,69,31,43,61,22,30,59,33,38,68,29,42,58,32,41,55,41,50,55,26,37,55
111,1250,73,3,0,1,1,1,0,1,1,1,1,1,0,1,1,1,1,1,1,1,1,1,1,0,1,1,1,1,1,24,46,73,21,43,71,28,56,85,22,42,56,20,40,68,50,53,60,31,45,73,41,44,82,36,43,53
112,550,12,3,0,0,0,0,0,0,0,0,0,0,0,0,0,0,0,0,0,0,0,0,0,0,0,0,0,0,0,25,39,73,20,43,59,30,43,58,27,41,69,19,47,75,16,32,74,30,51,65,36,51,72,21,42,56
113,2750,0,2,0,0,NA,0,0,NA,0,0,0,0,0,NA,0,0,NA,0,0,NA,0,0,NA,0,0,NA,0,0,NA,82,91,NA,92,93,NA,85,93,NA,86,89,NA,83,88,NA,83,86,NA,90,93,NA,94,97,NA,88,97,NA
114,2450,0,2,0,0,NA,0,0,NA,0,0,0,0,0,NA,0,0,NA,0,0,NA,0,0,NA,0,0,NA,0,0,NA,80,92,NA,77,91,NA,92,99,NA,83,97,NA,86,89,NA,87,88,NA,88,94,NA,93,99,NA,90,98,NA
115,1450,42,3,0,0,1,0,0,1,0,0,1,0,0,0,0,0,0,0,0,1,0,0,0,0,0,0,0,0,0,54,59,76,47,64,73,50,61,73,50,69,78,54,63,70,47,61,69,44,56,77,52,66,79,49,63,77
116,1450,26,3,NA,NA,NA,0,0,0,0,1,0,0,0,0,0,1,1,0,0,1,1,0,1,0,0,0,1,1,1,NA,NA,NA,41,55,68,47,53,59,40,47,64,37,53,69,69,76,78,70,78,80,73,80,92,49,63,76
117,750,13,3,1,0,0,0,0,0,0,0,0,1,0,1,0,0,0,0,0,0,0,0,0,0,0,0,0,0,0,26,31,56,20,36,57,28,34,54,23,37,61,19,49,74,17,46,68,22,45,71,17,38,77,23,50,67
118,450,2,3,NA,NA,NA,0,0,0,0,0,0,0,0,0,0,0,0,0,0,0,0,0,0,0,0,0,0,0,0,NA,NA,NA,15,44,55,23,40,51,20,41,52,15,40,47,15,41,49,21,41,49,22,41,48,15,41,46
119,2050,15,2,0,0,NA,0,1,NA,0,0,0,0,0,NA,0,0,NA,0,0,NA,0,0,NA,0,0,NA,0,0,NA,65,77,NA,47,70,NA,57,95,NA,72,99,NA,65,99,NA,69,91,NA,78,97,NA,82,103,NA,43,82,NA
120,2050,54,3,0,0,0,0,0,0,0,0,0,1,1,1,1,1,0,0,0,0,1,1,1,1,1,0,0,0,0,54,65,95,58,78,85,54,62,87,43,73,98,60,70,76,47,58,68,50,62,63,49,74,83,50,65,72
121,1750,74,3,1,0,0,1,1,1,0,0,0,1,1,0,1,1,1,1,1,0,1,1,0,0,0,0,1,0,1,57,65,89,45,60,76,51,59,76,50,59,76,52,67,76,51,68,79,55,63,74,54,60,70,53,71,79
122,1650,45,3,0,0,0,1,0,0,0,0,0,0,1,0,1,0,0,0,1,1,1,1,1,0,0,1,0,1,0,40,54,72,62,71,80,55,63,88,48,60,75,59,75,88,48,53,96,55,62,69,51,56,71,43,56,63
123,1950,0,2,0,0,NA,0,0,NA,0,0,0,0,0,NA,0,0,NA,0,0,NA,0,0,NA,0,0,NA,0,0,NA,78,98,NA,70,80,NA,79,88,NA,62,74,NA,64,71,NA,77,86,NA,73,79,NA,81,87,NA,70,79,NA
124,650,61,3,0,0,0,0,0,0,0,0,0,0,0,0,0,1,1,0,0,0,0,0,0,0,0,0,0,0,0,23,32,59,21,36,63,13,35,57,21,42,63,18,41,59,16,45,67,16,38,56,17,36,66,14,29,49
125,550,33,3,NA,NA,NA,1,0,1,0,0,0,1,1,0,1,0,0,0,0,1,1,0,0,0,0,0,0,0,0,NA,NA,NA,20,31,64,27,41,54,18,31,61,16,32,47,25,46,88,26,46,73,26,51,73,17,43,84
126,650,54,3,NA,NA,NA,0,0,0,0,0,0,0,0,0,0,0,0,0,0,0,0,0,0,0,0,0,0,0,0,NA,NA,NA,35,53,77,24,50,76,26,46,62,15,31,42,22,47,59,30,42,51,15,45,71,14,33,55
127,1350,69,3,0,0,0,0,0,0,0,0,0,0,0,0,0,0,0,0,0,0,0,0,0,0,0,0,0,0,0,43,55,80,37,58,85,36,65,85,42,61,77,48,69,83,46,67,80,45,65,80,51,65,79,43,56,70
128,1250,47,3,0,0,0,0,0,0,1,0,1,0,1,0,1,1,0,1,1,0,1,0,0,0,0,0,0,0,0,56,78,85,34,46,70,41,59,73,31,38,76,34,62,77,33,76,88,31,57,77,55,66,72,24,60,80
129,650,5,3,0,0,0,0,0,0,0,0,0,0,0,0,0,0,0,0,0,0,0,0,0,0,0,0,0,0,0,28,57,77,26,46,66,27,51,81,37,40,55,25,43,62,17,41,50,16,40,56,19,45,58,15,32,53
130,450,36,3,0,0,0,0,1,0,0,0,0,1,1,1,1,0,1,0,0,0,0,0,0,0,0,0,0,0,0,24,46,73,21,44,63,13,50,63,21,50,69,18,47,68,25,45,67,15,29,50,21,33,54,24,40,54
131,1950,60,3,0,1,1,1,1,1,1,1,1,0,1,1,1,1,0,1,1,0,1,1,1,NA,NA,NA,NA,NA,NA,72,80,87,66,73,82,66,73,79,71,76,81,54,67,75,72,78,83,66,72,80,NA,NA,NA,NA,NA,NA
132,750,72,3,0,0,0,0,0,0,0,0,0,0,0,0,0,0,0,0,0,1,0,0,0,0,0,0,0,0,0,25,59,72,24,37,64,29,43,64,26,51,61,34,41,62,40,47,72,34,49,57,41,49,67,28,43,57
133,1050,29,3,1,0,0,1,1,1,0,0,0,0,0,1,1,1,1,1,1,1,0,0,0,0,0,0,1,1,1,31,60,72,21,41,69,29,43,61,21,46,74,19,47,61,23,45,53,31,44,58,43,51,71,14,28,46
134,650,7,3,0,0,0,0,0,0,0,0,0,0,0,0,0,0,0,0,0,0,0,0,0,0,0,0,1,0,0,29,60,69,20,40,61,18,41,53,26,46,62,24,53,64,27,42,68,22,41,62,21,41,73,25,40,65
135,450,7,3,0,0,0,0,0,0,0,0,0,0,0,0,0,0,0,0,0,0,0,0,0,0,0,0,0,0,0,28,60,74,16,51,73,14,49,65,21,41,63,18,41,68,18,46,67,23,56,66,17,51,66,15,54,63
136,350,13,3,0,0,0,0,0,0,0,0,0,0,0,0,0,0,0,0,0,0,0,0,0,0,0,0,0,0,0,22,32,65,20,44,78,14,31,50,21,40,63,27,54,69,17,59,74,18,45,66,16,51,65,29,42,63
137,350,2,3,0,0,0,0,0,0,0,0,0,0,0,0,0,0,0,0,0,0,0,0,0,0,0,0,0,0,0,18,54,63,21,43,59,30,42,57,21,39,62,19,41,55,17,46,71,22,40,65,22,51,71,14,34,56
138,1350,16,3,0,1,1,1,0,1,0,1,1,0,1,1,1,0,0,0,0,0,1,1,1,0,0,0,0,0,0,54,73,93,71,73,100,55,91,92,49,91,92,70,90,91,51,80,81,58,59,94,54,73,91,41,49,68
139,550,62,3,0,0,0,1,1,0,0,0,0,1,0,0,0,0,0,0,0,0,0,0,0,0,0,0,0,0,0,47,56,65,39,53,70,31,39,58,21,42,62,18,48,62,24,45,60,26,43,57,20,37,50,16,43,50
140,450,9,3,0,0,0,0,0,0,0,0,0,0,0,0,0,0,0,0,0,0,0,0,0,0,0,0,0,0,0,17,53,65,31,58,64,43,50,76,28,50,63,20,36,60,17,53,67,23,44,58,23,37,51,14,29,57
141,450,37,3,0,0,0,0,0,0,0,0,0,0,0,0,0,0,0,0,0,0,0,0,0,0,0,0,0,0,0,19,54,72,22,50,71,14,50,76,21,48,63,15,58,80,24,50,60,15,56,73,15,49,71,14,45,61
142,2150,0,2,0,0,NA,0,0,NA,0,0,0,0,0,NA,0,0,NA,0,0,NA,0,0,NA,0,0,NA,0,0,NA,80,86,NA,71,82,NA,85,87,NA,79,84,NA,70,83,NA,87,102,NA,78,86,NA,93,98,NA,74,83,NA
143,550,71,3,0,0,0,0,0,0,0,0,0,0,0,0,0,0,0,0,0,0,0,0,0,0,0,0,0,0,0,33,46,59,16,40,54,24,39,51,18,46,56,17,46,75,15,44,50,18,46,63,21,35,70,13,50,75
144,1950,41,3,0,0,1,1,1,1,0,1,1,1,1,1,0,0,0,1,0,1,1,1,1,0,0,1,1,1,0,72,89,94,78,85,100,73,84,113,84,97,103,62,76,95,72,75,87,51,80,85,72,84,93,72,77,83
145,1550,19,2,0,0,NA,0,0,NA,0,0,0,0,0,NA,0,0,NA,0,0,NA,0,0,NA,0,0,NA,0,0,NA,93,101,NA,74,85,NA,84,101,NA,80,96,NA,80,97,NA,91,98,NA,78,97,NA,77,102,NA,68,96,NA
146,650,24,3,0,0,0,0,0,0,0,0,0,0,0,0,0,0,0,0,0,0,0,0,0,0,0,0,0,1,0,31,52,70,20,41,71,18,34,59,18,37,66,30,38,59,27,45,66,29,50,69,24,56,71,21,49,62
147,450,10,3,0,0,0,0,0,0,0,0,0,0,0,0,1,1,1,0,0,0,0,0,0,0,0,0,0,0,0,22,54,58,21,51,59,13,50,54,16,46,50,18,47,54,17,50,53,15,51,57,15,51,55,15,43,50
148,450,0,3,0,0,0,0,0,0,0,0,0,0,0,0,0,0,0,0,0,0,0,0,0,0,0,0,0,0,0,27,56,73,20,62,81,30,55,66,26,58,65,30,60,73,16,41,90,23,56,77,23,69,76,22,43,69
149,450,70,3,0,0,0,0,0,0,0,0,0,1,1,1,0,0,0,1,0,0,1,0,0,1,0,0,0,0,0,24,52,65,44,64,78,35,50,69,16,42,66,19,44,70,26,53,67,32,50,70,32,54,72,16,40,64
150,1850,1,2,0,0,NA,0,0,NA,0,0,0,0,0,NA,0,0,NA,0,0,NA,0,0,NA,0,0,NA,0,0,NA,54,63,NA,63,70,NA,74,87,NA,75,78,NA,74,81,NA,86,96,NA,77,79,NA,76,83,NA,32,71,NA
151,1450,46,3,0,0,0,1,1,0,0,1,0,1,1,1,1,1,0,0,0,1,1,1,1,1,1,0,1,1,1,45,65,93,43,52,73,36,54,72,47,63,70,34,61,77,39,60,74,39,50,70,44,50,74,28,42,60
152,2250,0,2,NA,NA,NA,0,0,NA,0,0,0,0,0,NA,0,0,NA,0,0,NA,0,0,NA,0,0,NA,0,0,NA,NA,NA,NA,86,118,NA,86,114,NA,106,108,NA,102,104,NA,102,104,NA,99,102,NA,95,97,NA,79,80,NA
153,1850,45,3,0,1,1,0,0,0,1,1,0,0,1,1,1,0,0,1,1,1,1,1,1,0,1,0,0,0,1,60,72,79,63,71,84,70,81,91,69,76,83,64,75,82,80,87,94,60,67,77,64,71,78,50,66,78
154,450,18,3,0,0,0,0,0,0,0,0,0,0,1,0,0,0,0,0,0,0,0,0,0,0,0,0,0,0,0,24,46,69,15,37,66,13,43,67,15,35,73,20,41,70,16,46,71,16,44,74,22,51,91,33,70,91
155,450,20,3,0,0,0,0,0,0,0,0,0,0,0,0,0,0,0,0,0,0,0,0,0,0,0,0,0,0,0,18,39,60,15,34,62,14,37,62,15,39,61,28,46,68,25,41,79,23,44,74,19,48,80,16,44,77
156,750,99,3,0,1,0,1,0,0,0,0,0,1,1,0,1,0,0,0,1,0,0,0,1,0,0,0,0,1,0,32,54,72,21,44,72,29,42,85,20,63,77,23,55,76,29,46,59,30,55,69,22,45,71,16,56,67
157,2050,0,2,0,0,NA,0,0,NA,0,0,0,0,0,NA,0,0,NA,0,0,NA,0,0,NA,0,0,NA,0,0,NA,86,93,NA,78,91,NA,92,109,NA,87,99,NA,70,81,NA,101,108,NA,72,81,NA,83,99,NA,76,84,NA
158,1350,62,3,0,0,0,1,1,0,0,0,1,1,1,1,0,0,0,0,1,0,1,1,0,0,0,0,1,0,0,41,57,78,39,62,82,41,61,83,44,61,76,34,60,80,50,64,80,30,50,66,36,57,78,25,46,76
159,1850,5,2,1,0,NA,0,0,NA,0,0,0,0,0,NA,0,0,NA,0,0,NA,1,1,NA,0,1,NA,0,0,NA,62,79,NA,63,79,NA,49,76,NA,61,76,NA,60,75,NA,59,71,NA,56,70,NA,55,71,NA,49,56,NA
160,450,3,3,0,0,0,0,0,0,0,0,0,0,0,0,0,0,0,0,0,0,0,0,0,0,0,0,0,0,0,45,54,59,22,51,71,29,56,76,20,41,69,33,55,69,31,59,71,29,51,71,34,55,77,21,43,56
161,850,20,3,0,0,0,0,0,0,0,0,0,0,0,1,0,0,0,0,0,0,0,0,0,0,0,0,0,0,0,28,47,76,22,40,74,28,49,62,26,45,72,26,45,72,22,42,80,16,42,58,22,41,55,22,42,53
162,650,36,3,0,0,0,0,0,1,0,0,0,0,1,0,0,1,0,1,0,0,1,0,0,0,1,0,1,0,0,23,40,61,20,44,64,24,49,59,22,37,61,17,31,61,17,41,68,22,40,56,20,45,69,16,49,64
163,650,19,3,NA,NA,NA,1,0,1,0,0,0,0,0,0,1,0,0,0,0,0,0,0,0,0,1,0,0,1,0,NA,NA,NA,19,37,64,14,41,59,18,46,64,18,58,69,29,49,76,27,55,76,22,50,74,21,42,60
164,1750,35,3,0,0,0,1,0,1,0,0,0,0,0,0,0,0,0,0,0,0,1,1,1,0,0,1,1,1,1,55,63,73,63,74,79,68,81,89,62,75,77,47,60,69,52,60,67,44,58,67,49,59,67,42,49,68
165,1550,78,3,0,0,0,1,1,0,1,0,1,0,0,0,0,0,0,0,0,1,1,1,0,1,0,1,0,0,0,39,54,71,40,54,64,42,56,65,28,50,61,31,54,68,45,58,72,31,51,65,43,56,65,26,49,68
166,850,87,3,0,0,0,0,0,0,0,0,0,0,0,0,0,0,0,0,0,0,0,0,0,0,0,0,0,0,0,29,51,69,27,66,83,17,37,59,16,51,65,14,36,53,17,38,57,21,41,61,15,35,52,16,38,52
167,1750,80,3,0,0,1,1,1,1,0,0,0,0,1,0,1,0,1,0,1,1,1,1,1,1,0,1,1,1,1,59,85,100,44,64,83,66,85,94,51,63,87,44,45,82,58,81,88,50,60,68,55,76,96,48,65,90
168,1250,51,3,NA,NA,NA,0,0,0,1,0,0,0,0,0,0,0,0,0,0,0,0,0,0,0,0,0,0,0,0,NA,NA,NA,22,30,44,34,44,49,41,47,61,34,40,54,27,33,46,28,44,51,31,41,54,25,33,49
169,1850,0,2,0,0,NA,0,0,NA,0,0,0,0,0,NA,0,0,NA,0,0,NA,0,0,NA,0,0,NA,0,0,NA,79,92,NA,75,88,NA,82,86,NA,73,79,NA,65,71,NA,71,88,NA,71,77,NA,74,81,NA,70,80,NA
170,950,21,3,0,1,0,0,0,0,1,0,0,0,1,0,0,0,0,1,1,0,0,0,0,0,0,0,1,1,1,60,72,78,37,63,70,32,56,74,38,52,75,37,54,64,32,50,66,31,51,69,31,50,64,28,50,57
171,550,11,3,0,0,0,0,0,0,0,0,0,0,0,0,0,0,0,0,0,0,0,0,0,0,0,0,0,0,0,22,48,60,23,40,72,30,59,76,20,51,82,18,46,70,21,47,76,22,54,78,26,52,72,15,51,89
172,450,29,3,0,0,0,0,0,0,0,0,0,1,0,0,0,0,0,0,0,0,0,0,0,0,0,0,1,0,0,31,53,72,21,44,64,30,54,63,21,45,66,19,60,66,17,38,66,16,50,66,23,34,66,18,46,68
173,450,55,3,0,0,0,0,0,0,0,0,0,0,0,1,0,0,0,0,0,0,0,0,0,0,0,0,0,0,0,18,60,89,23,51,70,29,48,57,14,40,64,16,35,59,26,40,69,22,46,61,15,34,62,16,37,65
174,450,54,3,0,0,0,0,0,0,0,0,0,0,0,0,0,0,0,0,0,0,0,0,0,0,0,0,0,0,0,19,45,71,28,45,70,27,49,74,21,47,63,21,53,70,22,59,73,26,49,83,15,48,65,16,28,68
175,2350,0,2,0,0,NA,0,0,NA,0,0,0,0,0,NA,0,0,NA,0,0,NA,0,0,NA,0,0,NA,0,0,NA,86,100,NA,85,106,NA,91,105,NA,90,104,NA,90,103,NA,94,115,NA,93,107,NA,85,99,NA,104,118,NA
176,1850,32,2,0,0,NA,1,0,NA,0,0,0,0,0,NA,0,0,NA,0,0,NA,0,0,NA,0,0,NA,0,0,NA,76,84,NA,62,81,NA,59,82,NA,64,84,NA,62,89,NA,70,80,NA,71,88,NA,72,87,NA,32,53,NA
177,1350,32,3,1,0,0,0,0,0,0,0,0,0,0,0,1,1,0,0,0,0,0,0,0,0,0,0,0,0,0,61,89,99,47,62,83,49,60,75,39,47,69,39,47,60,53,71,79,55,63,72,56,66,76,26,41,56
178,450,3,3,NA,NA,NA,0,0,0,0,0,0,0,0,0,0,0,0,0,0,0,0,0,0,0,0,0,0,0,0,NA,NA,NA,20,40,68,17,35,61,26,46,62,16,51,64,27,47,69,21,43,63,21,46,62,21,37,49
179,1150,82,3,0,0,0,0,0,0,0,0,0,0,0,0,0,0,0,0,0,0,0,0,0,0,0,0,0,0,0,31,43,59,30,36,64,15,39,64,21,45,61,24,41,59,25,46,60,21,37,58,24,43,50,14,36,48
180,850,58,3,0,0,0,0,0,0,0,0,0,0,0,0,0,0,0,0,0,0,0,0,0,0,0,0,0,0,0,32,52,73,24,51,63,40,49,57,43,55,72,37,51,65,26,46,69,32,51,60,38,55,62,36,51,64
181,1950,36,3,NA,NA,NA,1,0,0,1,0,0,0,0,1,1,0,0,1,1,1,1,1,1,1,1,0,0,0,1,NA,NA,NA,69,70,86,60,85,99,70,84,98,55,75,90,59,80,95,62,72,94,58,65,93,39,55,70
182,1650,86,3,0,1,0,1,0,1,1,0,1,0,1,1,1,1,1,1,1,1,1,1,1,0,1,1,1,0,1,41,76,91,47,55,77,59,69,82,51,72,84,28,58,90,29,49,69,56,72,89,60,74,94,75,89,96
183,1250,75,3,0,0,0,0,0,1,0,0,0,0,0,0,1,1,1,0,1,0,0,0,0,0,0,0,0,0,1,39,50,70,21,41,69,37,44,83,16,46,74,24,49,64,26,54,69,32,40,57,32,40,73,24,48,68
184,350,23,3,0,0,0,0,0,0,0,0,0,0,0,0,0,0,0,0,0,0,0,0,0,0,0,0,0,0,0,33,47,60,26,58,65,27,49,68,27,45,62,24,46,69,23,45,67,29,46,68,27,46,54,14,34,60
185,2050,15,2,0,0,NA,0,0,NA,0,0,0,0,0,NA,0,0,NA,0,0,NA,0,1,NA,0,0,NA,0,1,NA,80,87,NA,86,87,NA,83,102,NA,85,91,NA,68,83,NA,87,95,NA,79,94,NA,76,78,NA,70,84,NA
186,1850,0,2,0,0,NA,0,0,NA,0,0,0,0,0,NA,0,0,NA,0,0,NA,0,0,NA,0,0,NA,0,0,NA,77,100,NA,55,110,NA,61,86,NA,64,88,NA,77,87,NA,68,90,NA,64,105,NA,84,94,NA,55,90,NA
187,2250,0,2,0,0,NA,0,0,NA,NA,NA,NA,NA,NA,NA,0,0,NA,0,0,NA,0,0,NA,0,0,NA,0,0,NA,59,100,NA,64,100,NA,NA,NA,NA,NA,NA,NA,81,89,NA,80,88,NA,59,66,NA,66,72,NA,48,70,NA
188,750,59,3,0,0,0,0,0,0,0,0,0,0,0,0,0,0,0,0,0,0,0,0,0,0,0,0,0,0,0,14,45,67,26,50,71,28,61,84,24,51,83,24,53,84,41,65,89,18,48,77,26,56,88,21,42,69
189,1950,58,3,1,1,1,1,1,0,1,1,1,0,0,1,0,1,1,1,1,1,1,1,1,1,1,1,1,1,1,46,60,76,65,82,89,60,73,102,49,64,76,46,64,72,46,66,80,40,52,73,51,63,76,21,50,63
190,950,71,3,0,0,0,0,0,0,0,0,0,0,0,1,0,0,0,0,0,0,0,0,0,0,0,0,0,0,0,28,42,72,22,49,85,28,49,75,18,50,84,23,40,68,25,45,76,27,51,92,15,36,71,15,42,56
191,1650,43,3,0,1,0,1,1,1,1,1,1,1,1,0,1,1,0,0,0,0,1,1,1,0,1,1,1,1,0,32,53,65,22,62,92,46,60,82,44,61,74,46,63,77,55,65,78,55,70,81,55,68,83,42,53,72
192,2150,0,2,0,0,NA,0,0,NA,0,0,NA,0,0,NA,0,0,NA,0,0,NA,0,0,NA,0,0,NA,0,0,NA,94,101,NA,93,110,NA,91,99,NA,83,91,NA,96,103,NA,95,107,NA,80,93,NA,86,106,NA,69,84,NA
193,850,69,3,0,0,0,0,0,0,0,0,0,0,1,0,0,0,0,1,0,0,0,0,0,0,0,1,0,0,0,21,46,57,15,50,71,30,42,63,21,39,63,18,43,67,17,43,72,16,43,62,29,46,66,24,49,74
194,450,6,3,0,0,0,0,0,0,0,0,0,0,0,0,0,0,0,0,0,0,0,0,0,0,0,0,0,0,0,18,46,65,21,43,65,29,43,73,28,47,63,15,31,53,26,51,60,23,37,49,20,37,51,14,30,42
195,550,67,3,0,0,0,0,0,0,0,0,0,0,1,0,0,0,0,0,0,0,0,0,0,0,0,0,0,0,0,25,33,50,19,33,46,13,32,51,29,38,50,19,35,58,17,31,68,31,43,61,19,46,51,16,33,49
196,250,13,3,0,0,0,0,0,0,0,0,0,0,0,0,0,0,0,0,0,0,0,0,0,0,0,0,0,0,0,27,41,63,21,54,73,15,51,78,19,49,77,18,41,62,31,50,71,32,55,69,31,48,68,31,52,68
197,950,72,3,NA,NA,NA,0,0,0,0,0,0,0,0,0,0,0,0,0,0,0,0,0,0,0,0,0,0,0,0,NA,NA,NA,21,43,51,17,43,92,21,61,75,34,66,81,25,54,74,27,55,74,21,47,76,24,46,69
198,350,42,3,0,0,0,0,0,0,0,0,0,0,0,0,0,0,0,0,0,0,0,0,0,0,0,0,0,0,0,19,32,54,30,43,71,18,49,63,20,42,76,18,47,69,33,39,46,23,37,56,23,43,65,16,37,53
199,550,72,3,NA,NA,NA,0,0,0,0,0,0,0,0,0,0,0,0,0,0,0,0,0,0,0,0,0,0,0,0,NA,NA,NA,22,43,65,14,42,65,20,42,70,21,36,61,17,45,60,21,38,56,15,31,58,15,31,57
200,1350,79,3,0,0,0,0,0,0,0,0,0,0,0,0,0,0,0,0,0,0,1,1,1,1,0,0,0,0,0,45,65,79,50,68,86,60,74,78,46,71,78,46,62,68,43,52,61,37,50,66,42,59,67,48,60,72
201,250,47,3,0,0,0,0,0,0,0,0,0,0,0,0,0,0,0,0,0,0,0,0,0,0,0,0,0,0,0,19,40,55,13,29,67,13,33,62,15,29,52,18,41,61,16,39,56,15,43,58,16,36,50,17,32,51
202,2050,26,3,0,0,0,1,0,NA,NA,NA,NA,0,0,0,0,0,0,0,0,0,1,0,0,0,0,0,0,0,NA,24,52,85,63,89,NA,NA,NA,NA,67,87,107,59,80,97,68,98,NA,58,91,NA,72,100,NA,68,84,NA
203,1150,56,3,0,0,1,0,0,0,0,0,1,0,0,0,0,0,0,0,0,0,0,0,0,0,0,0,1,1,1,46,54,86,31,58,71,35,49,56,21,48,62,28,54,62,25,53,80,30,44,79,24,55,66,22,42,66
204,1450,20,3,0,0,0,0,0,0,0,0,0,0,0,0,NA,NA,NA,0,0,0,0,0,0,0,0,0,0,0,0,40,52,72,43,62,80,32,50,74,38,55,79,NA,NA,NA,50,60,74,45,58,72,50,66,NA,30,48,79
205,2050,0,2,0,0,NA,0,0,NA,0,0,NA,0,0,NA,0,0,NA,0,0,NA,0,0,NA,0,0,NA,0,0,NA,60,85,NA,63,79,NA,82,90,NA,62,80,NA,60,69,NA,75,88,NA,59,81,NA,57,68,NA,49,68,NA
206,1950,18,2,0,0,NA,0,0,NA,0,0,NA,0,0,NA,1,1,NA,0,0,NA,1,1,NA,0,0,NA,0,0,NA,65,80,NA,64,72,NA,49,77,NA,48,76,NA,48,61,NA,66,80,NA,63,72,NA,56,79,NA,48,70,NA
207,1650,33,3,0,0,0,0,0,0,0,1,0,0,0,0,0,0,0,0,0,0,1,1,0,0,0,0,0,0,0,45,52,65,65,79,86,54,82,91,55,76,101,45,72,94,56,74,97,39,66,80,42,68,87,40,60,80
208,1550,21,3,0,0,0,0,0,0,0,0,0,0,0,0,1,0,0,0,0,0,1,1,0,0,0,0,1,0,0,65,73,79,46,53,71,57,74,76,47,62,78,30,47,61,23,45,50,42,57,63,36,55,71,49,56,69
209,1350,39,3,0,0,0,1,0,0,0,0,0,0,0,0,1,0,0,1,1,1,0,1,1,0,0,0,0,1,0,49,53,60,38,55,63,47,54,66,46,50,62,26,35,48,45,50,69,33,44,55,41,50,55,22,50,55
210,1150,69,3,0,1,1,0,0,1,0,0,0,0,0,0,0,0,1,1,1,0,0,1,1,0,1,0,1,1,1,32,63,77,39,54,70,30,53,69,30,45,59,24,38,72,28,56,88,32,43,69,45,68,81,23,49,70
211,850,42,3,0,0,0,0,0,0,0,0,0,0,0,0,0,0,0,0,0,0,0,0,0,0,0,0,0,0,0,55,73,80,31,51,72,45,57,74,21,56,72,21,62,70,25,53,78,31,59,66,35,66,72,29,57,70
212,650,19,3,NA,NA,NA,0,0,0,0,0,0,NA,NA,NA,0,0,0,0,0,0,0,0,0,0,0,0,0,0,0,NA,NA,NA,26,40,69,30,43,56,NA,NA,NA,23,34,60,22,34,47,30,46,61,33,46,68,15,29,57
213,550,98,3,0,0,0,0,1,1,0,0,0,0,0,0,0,0,0,0,0,0,0,0,0,0,0,0,0,0,0,28,57,79,21,40,66,36,52,66,31,50,62,33,47,61,31,51,66,30,46,72,19,34,50,15,31,43
214,1450,52,3,0,0,0,0,0,0,0,0,0,0,0,0,0,0,0,0,0,0,0,0,0,0,0,0,0,0,0,32,57,61,32,46,62,41,54,66,24,46,60,34,44,55,41,50,59,27,50,57,23,50,72,22,48,76
215,1350,90,3,0,0,0,0,0,0,0,0,0,0,0,0,1,1,1,0,0,0,1,1,1,0,0,0,0,0,0,29,39,60,26,37,54,26,51,61,23,45,50,25,46,52,27,43,55,21,43,55,44,58,72,23,42,60
216,1250,10,3,0,0,0,0,0,0,0,0,0,0,0,0,0,1,0,0,0,0,1,1,0,0,0,0,0,0,0,46,53,66,64,78,85,55,83,92,34,43,55,59,64,69,55,67,87,41,61,81,31,48,73,40,60,80
217,850,50,3,0,0,0,0,0,0,0,0,0,0,0,0,0,0,0,0,0,0,0,0,0,0,0,1,0,0,1,32,38,60,37,44,51,37,58,68,22,47,74,35,49,77,29,46,67,49,59,74,32,55,74,28,53,70
218,550,54,3,NA,NA,NA,0,0,0,0,0,0,0,0,0,0,0,0,0,0,0,0,0,0,0,0,0,0,0,0,NA,NA,NA,15,40,58,24,38,60,16,30,45,16,30,44,16,28,45,15,31,45,17,31,45,14,31,45
219,450,9,3,0,0,0,0,0,0,0,0,0,0,0,0,0,0,0,0,0,0,0,0,0,0,0,0,0,0,0,31,39,53,31,37,52,29,36,50,31,39,42,27,31,34,31,46,50,27,31,34,24,31,37,29,31,50
220,1250,51,3,NA,NA,NA,1,1,1,0,0,0,0,0,0,1,1,0,1,0,0,1,1,1,0,0,0,0,0,0,NA,NA,NA,25,54,73,35,61,83,27,55,80,34,61,82,38,59,91,30,51,80,31,58,82,15,49,87
221,2050,0,2,0,0,NA,0,0,NA,0,0,NA,0,0,NA,0,0,NA,0,0,NA,0,0,NA,0,0,NA,0,0,NA,73,87,NA,70,80,NA,85,99,NA,70,84,NA,62,69,NA,70,95,NA,82,88,NA,80,97,NA,73,97,NA
222,750,35,3,0,0,1,0,1,1,0,0,0,1,0,1,0,0,0,0,0,0,0,0,0,0,0,0,0,1,1,32,54,63,27,40,62,35,49,57,13,50,60,20,40,60,32,50,60,23,56,69,23,50,79,15,49,67
223,1850,57,3,1,1,1,1,1,1,1,1,0,1,1,1,1,0,1,1,1,1,1,1,1,1,1,1,0,0,1,64,78,91,71,79,88,75,91,95,61,84,90,62,69,76,71,88,94,66,73,80,71,76,83,56,70,84
224,1950,2,2,0,0,NA,0,0,NA,0,0,NA,0,0,NA,0,0,NA,0,0,NA,0,0,NA,0,0,NA,0,0,NA,72,99,NA,63,92,NA,63,92,NA,63,76,NA,68,96,NA,87,95,NA,76,85,NA,76,92,NA,57,69,NA
225,950,42,3,1,0,0,0,0,0,0,0,0,NA,NA,NA,0,0,0,1,1,1,0,0,0,0,0,0,0,0,0,54,68,77,37,47,70,34,52,66,NA,NA,NA,25,46,66,18,32,48,23,33,46,22,34,49,17,32,44
226,550,18,3,0,0,0,0,0,0,0,0,0,0,1,0,0,1,0,0,0,0,0,0,0,0,0,0,0,0,0,25,46,59,18,34,64,29,51,63,21,39,46,22,37,61,20,49,71,27,49,74,32,48,102,19,31,70
227,1850,12,2,0,0,NA,0,0,NA,0,0,NA,0,0,NA,0,0,NA,NA,NA,NA,0,0,NA,0,0,NA,0,0,NA,56,70,NA,62,73,NA,85,99,NA,76,96,NA,88,96,NA,NA,NA,NA,42,81,NA,41,65,NA,64,87,NA
228,1650,34,3,0,0,0,0,0,1,0,0,0,0,0,0,0,0,0,1,1,1,0,0,0,0,0,0,0,0,0,59,70,79,56,74,91,58,68,76,45,63,83,52,77,87,48,55,76,42,52,77,41,50,83,31,43,50
229,1350,68,3,0,0,0,0,0,0,0,0,0,0,0,0,0,0,0,1,0,0,0,0,0,0,0,0,1,0,0,60,63,73,43,62,78,50,54,76,39,50,60,40,47,55,31,50,59,24,35,44,22,37,55,21,35,42
230,1350,63,3,0,0,0,0,0,0,0,0,1,0,0,0,0,0,0,0,0,0,0,0,0,0,0,0,0,0,0,31,60,86,50,63,71,49,54,85,40,73,90,18,60,70,50,59,96,44,56,79,55,69,93,23,49,66
231,1250,48,3,0,0,0,0,0,0,1,0,0,0,1,0,1,1,0,1,1,1,0,1,1,1,1,1,1,1,1,46,60,70,37,54,63,47,59,81,28,45,55,46,60,75,54,76,99,46,62,85,52,71,88,27,51,77
232,1850,33,3,1,1,1,1,1,1,0,0,1,0,0,0,0,0,0,0,0,1,0,1,1,NA,NA,NA,1,0,1,63,77,85,66,74,90,68,75,99,47,61,101,59,80,94,50,71,94,45,56,83,NA,NA,NA,42,67,83
233,1150,90,3,1,1,0,1,1,1,1,0,1,1,1,0,0,0,1,1,1,1,1,1,1,1,1,1,1,1,1,24,45,60,21,44,64,27,51,68,13,39,55,17,38,60,16,39,51,17,37,66,20,36,71,22,35,63
234,450,33,3,0,0,0,0,0,0,0,0,0,0,0,0,0,0,0,1,0,0,0,0,0,0,0,0,0,0,0,20,45,54,20,32,62,16,37,56,13,31,48,16,31,45,15,37,50,16,31,45,19,36,49,19,37,54
235,1950,0,2,0,0,NA,0,1,NA,0,0,NA,0,0,NA,1,0,NA,0,0,NA,1,0,NA,1,0,NA,0,0,NA,72,94,NA,65,79,NA,71,92,NA,70,98,NA,68,75,NA,60,106,NA,58,72,NA,79,100,NA,69,91,NA
236,1050,37,3,1,0,1,0,1,0,0,0,1,0,0,1,0,1,0,1,1,1,0,1,1,0,0,0,1,0,0,32,54,60,29,51,71,42,57,75,28,48,63,48,62,76,16,61,74,31,58,76,41,58,72,22,55,76
237,450,8,3,0,0,0,0,0,0,0,0,0,0,0,0,0,0,0,0,0,0,0,0,0,0,0,0,0,0,0,25,53,73,21,51,79,35,63,80,28,50,81,29,55,76,17,48,71,20,55,75,15,36,71,15,54,69
238,2050,36,3,NA,NA,NA,1,1,1,1,1,1,1,1,1,1,1,1,NA,NA,NA,1,1,1,1,1,0,0,1,0,NA,NA,NA,63,75,98,67,86,101,53,77,95,59,87,98,NA,NA,NA,68,73,91,56,79,97,48,72,98
239,1850,66,3,1,1,1,1,1,1,1,1,1,0,0,1,1,1,1,1,1,1,1,1,1,1,1,1,0,0,0,57,71,84,62,72,99,69,76,98,44,66,78,56,68,80,50,71,94,55,69,90,57,77,95,55,73,84
240,950,56,3,0,0,0,0,0,0,0,0,0,0,0,0,0,0,0,0,0,0,0,0,0,0,0,0,0,0,0,25,54,60,29,44,57,28,49,56,31,39,47,25,36,54,21,41,56,29,42,55,31,46,56,22,40,49
241,450,0,3,0,0,0,0,0,0,0,0,0,0,0,0,0,0,0,0,0,0,0,0,0,0,0,0,0,0,0,23,41,62,27,39,64,24,39,66,23,37,65,17,37,62,27,42,68,22,41,60,20,42,69,24,46,67
242,950,41,3,0,1,1,0,0,1,0,0,0,0,1,1,1,0,0,0,0,1,0,0,0,0,0,0,1,1,1,32,46,60,25,44,65,42,49,56,13,46,62,40,47,54,34,57,85,27,50,66,18,33,47,18,44,65
243,1050,63,3,0,0,1,0,0,0,0,0,0,0,0,0,0,0,0,0,0,0,0,1,1,0,0,0,0,0,0,46,60,77,26,55,71,27,49,82,24,54,78,27,60,86,30,51,70,29,54,70,37,59,76,23,47,71
244,1950,0,2,0,0,NA,0,0,NA,0,0,NA,0,0,NA,0,0,NA,0,0,NA,0,0,NA,0,0,NA,0,0,NA,78,87,NA,74,82,NA,73,86,NA,78,86,NA,77,84,NA,68,76,NA,76,88,NA,72,79,NA,71,85,NA
245,1350,35,3,0,0,1,1,1,1,0,0,0,1,0,0,0,0,0,0,1,0,1,1,1,0,0,0,0,0,0,34,54,65,25,55,71,50,65,84,28,55,76,20,48,70,31,53,67,39,52,73,38,55,78,33,56,76
246,550,14,3,0,0,0,0,0,0,0,0,0,0,0,0,0,0,0,0,0,0,0,0,0,0,0,0,0,0,0,32,54,65,30,51,71,32,51,73,28,51,63,35,54,69,32,50,67,23,50,66,30,41,55,22,49,63
247,450,1,3,0,0,0,0,0,0,0,0,0,0,0,0,0,0,0,0,0,0,0,0,0,0,0,0,0,0,0,40,60,69,39,46,63,32,68,73,23,41,61,31,46,65,27,54,62,29,46,62,33,51,69,25,49,63
248,1450,27,3,1,0,0,1,1,0,0,0,0,1,0,0,0,1,0,0,0,0,1,1,0,0,0,0,0,0,0,36,48,69,33,55,74,38,52,74,38,52,72,36,54,68,34,50,70,32,50,62,39,68,91,37,63,74
249,2250,0,2,0,0,NA,0,0,NA,0,0,NA,0,0,NA,0,0,NA,0,0,NA,0,0,NA,0,0,NA,0,0,NA,73,86,NA,73,80,NA,64,71,NA,63,77,NA,62,69,NA,66,69,NA,88,106,NA,94,101,NA,69,83,NA
250,1950,6,2,0,0,NA,1,1,NA,1,1,NA,0,1,NA,0,0,NA,0,0,NA,1,0,NA,0,0,NA,0,0,NA,69,77,NA,59,70,NA,83,90,NA,63,80,NA,63,76,NA,64,76,NA,60,72,NA,68,78,NA,60,73,NA
251,2350,0,2,0,0,NA,0,0,NA,0,0,NA,0,0,NA,0,0,NA,0,0,NA,0,0,NA,0,0,NA,0,0,NA,59,72,NA,63,78,NA,85,100,NA,63,76,NA,55,68,NA,77,93,NA,77,89,NA,74,81,NA,72,86,NA
252,2050,1,2,0,0,NA,0,0,NA,0,0,NA,0,0,NA,0,0,NA,0,0,NA,0,0,NA,0,0,NA,0,0,NA,72,79,NA,62,70,NA,81,86,NA,62,69,NA,54,60,NA,72,80,NA,72,79,NA,64,71,NA,56,68,NA
253,1150,58,3,0,0,1,0,1,1,0,0,0,1,1,1,0,1,0,1,1,1,1,1,1,1,0,1,1,1,1,33,45,58,27,45,59,30,46,61,26,41,59,35,53,65,29,47,75,26,40,57,21,45,69,23,40,55
254,2050,9,2,1,0,NA,1,1,NA,0,0,NA,1,1,NA,1,0,NA,0,0,NA,0,1,NA,0,0,NA,0,0,NA,80,93,NA,70,78,NA,81,91,NA,76,90,NA,72,89,NA,76,91,NA,76,87,NA,75,91,NA,69,83,NA
255,2250,14,2,1,0,NA,1,0,NA,0,0,NA,0,0,NA,0,0,NA,0,1,NA,0,0,NA,1,0,NA,0,0,NA,77,86,NA,73,81,NA,74,85,NA,77,85,NA,78,85,NA,78,94,NA,78,90,NA,75,89,NA,73,87,NA
256,2350,2,2,0,0,NA,0,0,NA,0,0,NA,0,0,NA,0,0,NA,0,0,NA,0,0,NA,0,0,NA,0,0,NA,89,99,NA,71,88,NA,82,91,NA,87,94,NA,73,83,NA,87,94,NA,83,90,NA,80,92,NA,76,97,NA
257,2250,0,2,NA,NA,NA,0,0,NA,0,0,NA,0,0,NA,0,0,NA,0,0,NA,0,0,NA,0,0,NA,0,0,NA,NA,NA,NA,64,92,NA,84,116,NA,63,91,NA,62,90,NA,67,88,NA,89,105,NA,89,96,NA,72,84,NA
258,2150,30,3,0,1,0,1,1,1,1,1,1,0,1,0,1,1,1,1,1,1,1,1,1,1,1,1,0,1,1,60,84,94,64,79,91,81,84,98,63,74,88,65,80,89,72,83,94,57,82,95,62,75,88,55,74,79
259,2250,0,2,0,0,NA,0,0,NA,0,0,NA,0,0,NA,0,0,NA,0,0,NA,0,0,NA,0,0,NA,0,0,NA,76,92,NA,77,82,NA,87,104,NA,78,93,NA,88,112,NA,101,113,NA,79,87,NA,94,106,NA,56,84,NA
260,2350,0,2,0,0,NA,0,0,NA,0,0,NA,0,0,NA,0,0,NA,0,0,NA,0,0,NA,0,0,NA,0,0,NA,76,94,NA,71,90,NA,84,100,NA,79,100,NA,75,98,NA,78,96,NA,73,93,NA,77,91,NA,72,87,NA
261,1750,93,3,1,1,0,1,0,1,0,0,0,0,0,0,1,0,0,0,0,0,0,0,0,0,0,0,0,0,0,57,95,115,46,74,98,60,76,93,51,62,72,46,67,81,48,67,86,43,78,89,45,71,83,40,63,74
262,1850,82,3,0,0,1,1,1,1,1,0,0,1,1,1,0,0,1,0,0,1,1,1,1,1,1,1,1,0,1,40,62,69,62,74,75,59,67,68,60,72,74,34,58,82,26,52,73,34,59,84,33,60,77,29,56,72
263,1850,81,3,1,1,1,1,1,1,1,1,1,1,1,1,0,0,1,0,0,1,1,1,1,1,0,1,1,1,1,40,61,70,61,74,75,58,65,66,59,61,73,33,57,81,27,53,74,35,60,85,34,61,78,30,58,73
264,1850,82,3,1,1,1,1,1,1,1,1,1,1,1,1,1,1,1,1,1,1,1,1,1,1,1,1,1,1,1,57,83,102,51,56,89,63,73,88,55,68,82,40,68,84,44,68,84,57,71,80,56,63,75,51,71,84
265,2450,0,2,0,0,NA,0,0,NA,0,0,NA,0,0,NA,0,0,NA,0,0,NA,0,0,NA,0,0,NA,0,0,NA,83,103,NA,81,89,NA,91,93,NA,74,88,NA,85,90,NA,82,87,NA,85,95,NA,81,88,NA,68,78,NA
266,1850,69,3,1,1,1,1,1,1,1,1,1,0,1,1,1,1,1,1,1,1,1,1,1,0,1,1,1,1,1,57,77,86,51,56,86,48,73,92,50,66,76,48,56,72,46,59,69,47,54,83,47,58,71,50,60,77
267,1850,53,3,1,1,1,1,1,1,1,1,1,1,1,1,1,1,1,1,1,1,1,1,1,1,1,1,1,1,1,59,81,105,53,69,85,61,77,90,65,74,95,53,61,80,47,66,89,51,67,77,58,69,83,52,63,74
