census_tract,Unnamed: 0,pop_2001,events_2001,fragment_index
36005000100,0,12611,0.0,-0.15262666336957287
36005000200,1,3625,1.0,-3.061385069
36005000400,2,3533,0.0,-2.915361343
36005001600,3,5277,7.0,-0.227456445
36005002000,4,9035,14.0,0.165237169
36005002300,5,4398,4.0,0.854959134
36005002400,6,0,0.0,-0.011946387998883453
36005002500,7,5147,1.0,2.147190781
36005002701,8,3041,7.0,-0.412456746
36005002702,9,4710,7.0,0.900600625
36005002800,10,5706,3.0,-0.949634807
36005003100,11,1491,4.0,-1.35239477
36005003300,12,3146,3.0,-0.450998769
36005003500,13,3502,2.0,1.401401907
36005003700,14,455,6.0,1.701385919
36005003800,15,1262,3.0,0.713705646
36005003900,16,6066,7.0,1.885170765
36005004001,17,1420,4.0,0.92559658
36005004100,18,5329,3.0,-0.777784247
36005004300,19,4816,12.0,0.820714152
36005004400,20,4684,4.0,0.116216884
36005004600,21,1441,0.0,0.659408848
36005004800,22,3700,9.0,1.731951882
36005005200,23,2171,1.0,-0.339861844
36005005400,24,5581,9.0,-0.169761624
36005005600,25,2710,4.0,3.56903283
36005005902,26,2672,4.0,0.375608247
36005006000,27,1085,0.0,0.667799438
36005006100,28,4007,12.0,0.176613738
36005006200,29,6418,3.0,-0.144124938
36005006400,30,3968,3.0,2.469922513
36005006500,31,4723,22.0,1.328591565
36005006700,32,6541,13.0,-0.318076549
36005006800,33,3178,1.0,2.697081372
36005006900,34,4648,11.0,0.889627645
36005007000,35,4202,6.0,0.506738681
36005007100,36,1886,11.0,-0.886319138
36005007200,37,5108,5.0,0.460647315
36005007300,38,3312,7.0,1.195318702
36005007400,39,3525,0.0,-1.629230303
36005007500,40,4707,10.0,3.20419339
36005007700,41,1369,12.0,-0.391860043
36005007800,42,6196,6.0,0.246564331
36005007900,43,6612,4.0,1.739859706
36005008300,44,6198,3.0,0.825702775
36005008400,45,2108,0.0,-2.439185053
36005008500,46,5432,6.0,3.115727854
36005008600,47,4361,1.0,-0.331033557
36005008700,48,5229,5.0,0.362276401
36005008900,49,2915,3.0,-0.139781101
36005009200,50,4890,5.0,0.819839617
36005009800,51,5488,4.0,0.180995617
36005011000,52,373,0.0,-0.947812794
36005011502,53,4159,13.0,2.170175662
36005011800,54,5043,1.0,-0.890824698
36005011900,55,4883,12.0,0.403047163
36005012101,56,2898,1.0,1.520661156
36005012102,57,1620,0.0,0.315337359
36005012300,58,3042,8.0,1.580164241
36005012500,59,2435,2.0,-0.721433784
36005012701,60,2303,5.0,1.169687786
36005012901,61,2856,14.0,1.632185169
36005013000,62,1164,0.0,-2.50857657
36005013100,63,3677,2.0,1.021779864
36005013200,64,5678,3.0,-2.186787226
36005013300,65,6081,3.0,-0.420049051
36005013500,66,3172,21.0,0.470468259
36005013800,67,2050,0.0,-1.019901853
36005014100,68,2331,22.0,2.425515533
36005014300,69,836,6.0,3.952184438
36005014400,70,5553,1.0,0.659129234
36005014500,71,4972,30.0,1.407347824
36005014900,72,3760,3.0,1.491513818
36005015100,73,4810,19.0,0.767065568
36005015300,74,3068,5.0,1.065956961
36005015500,75,2802,5.0,-1.449302724
36005015700,76,3573,5.0,1.849997917
36005015800,77,1211,0.0,-0.560085978
36005016000,78,5053,0.0,-2.528338402
36005016100,79,4717,3.0,1.538097342
36005016200,80,1725,2.0,-0.726397119
36005016300,81,270,3.0,0.12886370234061567
36005016400,82,1205,0.0,-0.547547518
36005016500,83,1228,6.0,0.792549875
36005016600,84,2240,0.0,-2.289796089
36005016700,85,1844,4.0,1.075592707
36005016900,86,1783,6.0,1.177451256
36005017100,87,3,0.0,-0.0008734140053897879
36005017300,88,4956,24.0,-0.06126396
36005017500,89,6510,96.0,0.954065422
36005018400,90,3711,1.0,-1.116725012
36005018900,91,7312,4.0,1.162127169
36005019300,92,5268,4.0,1.142847861
36005019400,93,1690,8.0,0.107100234
36005019500,94,7371,9.0,0.601986691
36005019700,95,7729,16.0,0.659391166
36005019900,96,7908,4.0,-0.271590305
36005020100,97,3667,4.0,0.82430771
36005020200,98,1858,0.0,1.761651691
36005020400,99,2893,6.0,1.404580582
36005020601,100,2443,1.0,1.521358725
36005021100,101,4636,3.0,1.103149248
36005021200,102,5237,1.0,-0.010355646
36005021301,103,1438,3.0,-0.627761593
36005021302,104,4123,4.0,0.130397403
36005021501,105,3672,30.0,1.615022441
36005021502,106,6659,78.0,1.498420204
36005021601,107,4326,7.0,1.971264583
36005021602,108,5341,5.0,0.822219403
36005021800,109,6634,2.0,-0.421816375
36005021900,110,1312,6.0,1.997360757
36005022000,111,1450,4.0,0.847249991
36005022300,112,9219,7.0,-0.144148374
36005022401,113,2618,10.0,1.547501948
36005022500,114,7004,30.0,2.084544237
36005022701,115,3253,42.0,0.629127764
36005022702,116,1708,8.0,0.98503747
36005022703,117,1582,6.0,-0.188463163
36005022800,118,5820,2.0,1.373116729
36005022901,119,6020,12.0,1.746987585
36005022902,120,3128,14.0,0.489125623
36005023000,121,2774,1.0,-0.764021047
36005023100,122,1604,18.0,0.281583665
36005023200,123,2364,1.0,0.479358275
36005023301,124,4863,84.0,0.997996197
36005023302,125,3532,6.0,1.641691623
36005023501,126,4299,72.0,0.505960297
36005023502,127,5099,4.0,2.08078682
36005023600,128,1876,6.0,0.588843225
36005023702,129,1214,9.0,-1.565714252
36005023900,130,8118,64.0,1.139086509
36005024000,131,3541,6.0,-0.003154985
36005024100,132,5979,108.0,0.90154231
36005024300,133,5442,60.0,0.870205653
36005024400,134,2086,1.0,-1.254487023
36005024600,135,2084,0.0,-1.495678099
36005024700,136,1803,0.0,1.287939747
36005024800,137,3257,3.0,0.9757843
36005024900,138,128,6.0,0.2548449411043575
36005025000,139,2305,1.0,-0.702192323
36005025100,140,6654,66.0,0.771465495
36005025200,141,2428,4.0,-0.899989184
36005025300,142,6395,10.0,1.365408741
36005025400,143,1893,0.0,1.183406953
36005025500,144,6563,54.0,1.504287446
36005025600,145,1720,1.0,0.540160096
36005025700,146,1664,2.0,2.867028667
36005026100,147,1559,0.0,0.983087017
36005026300,148,7878,26.0,2.068132006
36005026400,149,4813,4.0,-0.523855245
36005026500,150,6746,14.0,0.722724704
36005026601,151,2994,0.0,1.776156931
36005026602,152,5269,9.0,3.120386806
36005026900,153,4051,8.0,2.133873304
36005027300,154,7945,6.0,-0.81637115
36005027600,155,52,0.0,-0.02233824275049864
36005027700,156,5311,3.0,1.533512819
36005027900,157,7161,1.0,0.613566408
36005028100,158,3820,1.0,-0.293270844
36005028300,159,1402,3.0,1.531832888
36005028400,160,827,2.0,2.085196766
36005028500,161,3246,3.0,3.649604133
36005028600,162,1260,8.0,4.621284649
36005028700,163,3162,5.0,0.98769868
36005028800,164,3069,3.0,-0.81464666
36005028900,165,4305,10.0,2.739406058
36005029500,166,4097,7.0,0.161513325
36005029600,167,3676,4.0,3.377893108
36005029700,168,3786,2.0,0.652011463
36005030000,169,5861,6.0,1.55903094
36005030100,170,1490,2.0,1.824992702
36005030200,171,8866,3.0,-0.378391361
36005031000,172,4297,0.0,-4.076633679
36005031200,173,1564,1.0,-3.842461964
36005031400,174,2020,1.0,-3.155213812
36005031600,175,1787,1.0,-1.329349728
36005031800,176,1797,0.0,-2.582343048
36005032400,177,2839,8.0,0.211525663
36005032800,178,3943,2.0,-0.341078578
36005033000,179,5169,13.0,0.761035379
36005033400,180,336,5.0,0.22124359330746873
36005033600,181,6143,6.0,-0.152054489
36005033800,182,3845,2.0,0.492042928
36005034000,183,4385,7.0,1.121884004
36005034200,184,1548,2.0,-1.561463187
36005034300,185,1578,0.0,0.940950859
36005034400,186,1556,2.0,-4.216623804
36005034500,187,3506,1.0,1.347575737
36005035000,188,1899,2.0,-0.617526138
36005035100,189,3348,0.0,1.973366571
36005035600,190,2021,6.0,-3.652573093
36005035800,191,6943,9.0,-3.081624379
36005035900,192,1417,8.0,0.634103143
36005036100,193,6257,7.0,0.000453994
36005036300,194,6664,9.0,-0.629822142
36005036400,195,2686,8.0,-1.518800126
36005036501,196,3476,7.0,1.060673548
36005036502,197,1856,5.0,1.7270776
36005036700,198,2261,1.0,2.061847721
36005036800,199,1613,2.0,-1.605897866
36005036901,200,1717,4.0,2.896787191
36005036902,201,2141,2.0,0.937389328
36005037000,202,2219,0.0,-0.547958673
36005037100,203,4300,13.0,3.178013141
36005037200,204,2186,2.0,1.063667615
36005037300,205,4942,14.0,1.358080474
36005037400,206,3512,9.0,0.333343435
36005037600,207,2119,0.0,-0.287282022
36005037800,208,2821,3.0,-0.685763739
36005037900,209,5060,22.0,1.922904542
36005038000,210,3979,7.0,0.600941044
36005038100,211,6212,12.0,0.552733515
36005038200,212,2569,0.0,-2.321720257
36005038500,213,4140,6.0,1.638790208
36005038600,214,7152,5.0,2.289340355
36005038700,215,3374,9.0,5.389375438
36005038800,216,2398,2.0,-0.481936684
36005038900,217,4634,10.0,3.553952087
36005039000,218,2619,1.0,2.419034197
36005039100,219,6433,7.0,1.723958815
36005039200,220,1625,1.0,1.663998822
36005039300,221,7772,7.0,2.292414149
36005039400,222,4465,3.0,-0.432098976
36005039600,223,3436,3.0,2.363797701
36005039700,224,3892,6.0,5.890860794
36005039800,225,2802,3.0,-0.340985737
36005039901,226,5517,16.0,0.330005652
36005039902,227,4993,25.0,0.894524562
36005040100,228,5231,26.0,0.846268998
36005040302,229,4543,9.0,2.127857949
36005040400,230,2915,3.0,-0.283695924
36005040600,231,3407,10.0,1.683061041
36005040701,232,3313,16.0,1.23259804
36005040702,233,6711,8.0,1.809898645
36005040800,234,4039,6.0,-0.127600603
36005040900,235,3513,5.0,-0.782300921
36005041100,236,2724,6.0,1.357120796
36005041300,237,7502,13.0,1.55106364
36005041400,238,5038,9.0,-0.377872649
36005041500,239,5619,2.0,2.198811136
36005041800,240,3569,6.0,-0.737271432
36005041900,241,6873,9.0,1.235318765
36005042000,242,3793,7.0,3.059969835
36005042100,243,6739,19.0,2.795651446
36005042200,244,2732,3.0,-1.135365545
36005042300,245,3811,2.0,0.093347082
36005042400,246,2562,3.0,-1.734902384
36005042500,247,6555,11.0,1.816867829
36005042600,248,6461,6.0,-4.497988113
36005042800,249,2232,3.0,-1.47275164
36005042901,250,3249,1.0,0.207636819
36005042902,251,3693,6.0,1.860420742
36005043000,252,2955,2.0,-2.927105076
36005043100,253,9803,7.0,0.514162994
36005043500,254,67,15.0,0.6276690823019049
36005043600,255,2303,2.0,-3.088340752
36005044200,256,3699,2.0,-1.369682313
36005044800,257,1854,0.0,-3.597783053
36005044901,258,1956,1.0,0.011437793
36005044902,259,1988,1.0,1.821388588
36005045101,260,1785,1.0,3.409299967
36005045102,261,1939,2.0,1.684991021
36005045800,262,7208,1.0,0.337435063
36005046000,263,2698,3.0,1.349473697
36005046201,264,24730,17.0,0.040629557
36005046202,265,7388,2.0,-1.086618443
36005048400,266,3743,7.0,-1.419708817
36005050400,267,8,0.0,-0.0004890553826233194
36005051600,268,4504,2.0,-0.679164887
36047000100,269,5168,1.0,2.23952
36047000200,270,1320,16.0,0.253158229
36047000301,271,4958,1.0,3.208509649
36047000700,272,3650,4.0,2.065313318
36047000900,273,2377,12.0,3.22899244
36047001100,274,114,12.0,0.30129619331653157
36047001300,275,2508,8.0,0.715958088
36047001800,276,1509,4.0,0.009060150611849928
36047002000,277,1584,9.0,1.158786609
36047002100,278,1381,6.0,1.62334535
36047002200,279,4276,42.0,0.196742039
36047002300,280,4307,5.0,-0.073242319
36047002901,281,4192,4.0,2.863217678
36047003000,282,1860,3.0,-2.68011126
36047003100,283,2830,10.0,3.223193263
36047003300,284,2345,17.0,4.775026961
36047003400,285,2898,2.0,-0.10067502
36047003500,286,1484,5.0,1.196464555
36047003600,287,3926,0.0,-0.040902557
36047003700,288,360,25.0,5.452433312
36047003800,289,1597,1.0,-1.721429391
36047003900,290,2129,9.0,1.992727657
36047004100,291,3285,9.0,1.501338362
36047004300,292,2948,15.0,2.868500504
36047004500,293,3432,3.0,1.197810947
36047004600,294,1215,5.0,-1.564526655
36047004700,295,1151,1.0,0.331651977
36047004900,296,2585,0.0,5.002541049
36047005000,297,2388,1.0,-0.86215585
36047005100,298,2101,2.0,0.358053538
36047005201,299,1780,0.0,3.836741376
36047005202,300,2456,0.0,1.477293186
36047005400,301,3199,2.0,1.590819296
36047005601,302,2514,0.0,1.42098721
36047005602,303,1529,1.0,0.897803639
36047005800,304,3293,10.0,2.373710347
36047005900,305,1128,1.0,2.314988886
36047006000,306,2899,4.0,-0.622272097
36047006200,307,3041,4.0,0.903531504
36047006300,308,1829,2.0,1.565348793
36047006400,309,3483,9.0,-0.845839827
36047006500,310,5142,2.0,1.811397073
36047006600,311,3634,6.0,0.19190609
36047006700,312,3480,3.0,-1.282941674
36047006800,313,4790,8.0,0.040194055
36047006900,314,3360,4.0,0.540538472
36047007000,315,2528,18.0,-0.487882736
36047007100,316,4598,2.0,-0.301664273
36047007200,317,1868,9.0,-2.572734874
36047007400,318,5343,12.0,0.171162617
36047007500,319,4446,1.0,1.052417587
36047007600,320,4437,30.0,0.614484317
36047007700,321,3904,3.0,1.262695768
36047007800,322,5023,18.0,-1.640851359
36047008000,323,4341,21.0,-0.479704402
36047008200,324,4078,22.0,-0.571435405
36047008400,325,3237,3.0,-1.986251014
36047008500,326,7247,0.0,0.278560967
36047008600,327,0,2.0,0.15952665400372093
36047008800,328,3397,7.0,-0.350248926
36047009000,329,2573,4.0,-0.867823536
36047009200,330,5184,10.0,0.032310223
36047009400,331,4950,6.0,-0.991737684
36047009600,332,5922,6.0,0.45017205
36047009800,333,6212,12.0,0.286426155
36047010000,334,6317,15.0,0.574019555
36047010100,335,4095,5.0,-0.198249329
36047010200,336,4717,12.0,-0.372229937
36047010400,337,5567,21.0,0.776941531
36047010600,338,5499,12.0,0.119795599
36047010800,339,4824,15.0,1.382993329
36047011000,340,2060,1.0,-1.169951333
36047011200,341,6262,5.0,0.172311475
36047011400,342,4101,6.0,0.124426103
36047011600,343,4316,5.0,-0.139190172
36047011700,344,2746,4.0,3.33498641
36047011800,345,2033,20.0,-2.07369782
36047012000,346,1254,24.0,-0.608221368
36047012100,347,1778,2.0,0.508780606
36047012200,348,5075,12.0,0.228973414
36047012700,349,3415,2.0,-0.103890124
36047012801,350,2017,3.0,-0.889064223
36047012901,351,2231,3.0,0.525677014
36047012902,352,2109,8.0,1.331693518
36047013000,353,4739,10.0,1.720384444
36047013100,354,3978,8.0,1.42867372
36047013200,355,2173,4.0,-1.602672785
36047013300,356,3673,3.0,-0.363275086
36047013400,357,3892,10.0,-0.934781268
36047013500,358,2908,9.0,0.226042715
36047013600,359,3923,4.0,-0.146038706
36047013700,360,2981,5.0,2.366561609
36047013800,361,3204,10.0,0.170958128
36047013900,362,3797,16.0,0.630655838
36047014000,363,1994,1.0,-0.452092543
36047014100,364,2766,4.0,-0.140136747
36047014200,365,3236,2.0,0.902945484
36047014300,366,3662,11.0,0.730369793
36047014500,367,4311,9.0,1.957001959
36047014700,368,2200,2.0,2.709763792
36047014800,369,1221,0.0,-2.582232013
36047014900,370,4795,8.0,-0.19373522
36047015000,371,1565,3.0,-1.433612161
36047015100,372,3410,2.0,-0.241884562
36047015300,373,2965,4.0,1.646813925
36047015400,374,0,2.0,0.16842678494404797
36047015500,375,3308,4.0,1.411671546
36047015700,376,4142,9.0,0.499325241
36047015900,377,5085,5.0,3.170332227
36047016000,378,4244,13.0,1.206892166
36047016100,379,2619,8.0,0.927921862
36047016200,380,1858,4.0,-0.192262755
36047016300,381,3156,8.0,1.061393605
36047016400,382,1178,0.0,6.688868235
36047016500,383,4876,5.0,-0.345986468
36047016700,384,4544,2.0,0.846636247
36047016800,385,1434,1.0,-2.873136344
36047016900,386,4771,2.0,1.142293396
36047017000,387,2919,2.0,-2.171997636
36047017100,388,3478,0.0,-1.414488196
36047017200,389,2897,4.0,-2.964651961
36047017400,390,1755,2.0,-3.078546025
36047017500,391,27,2.0,0.15389191694570306
36047017600,392,2244,0.0,-0.286418408
36047017700,393,10,23.0,0.8068155024469044
36047017800,394,2611,5.0,-0.954284656
36047017900,395,3403,1.0,-0.208940153
36047018000,396,2843,3.0,-1.348101426
36047018100,397,3899,4.0,4.110939961
36047018200,398,3051,5.0,-0.284238189
36047018300,399,2502,13.0,0.939877984
36047018400,400,1980,2.0,-1.80606251
36047018501,401,4707,2.0,0.110209021
36047018600,402,1876,2.0,-3.532237615
36047018700,403,1247,0.0,1.530834083
36047018800,404,2618,2.0,-2.070585857
36047019000,405,4614,3.0,-0.667989067
36047019100,406,2769,3.0,1.910567886
36047019200,407,2366,6.0,-2.491346603
36047019300,408,5257,3.0,2.096957988
36047019400,409,3094,3.0,-0.336158034
36047019500,410,3776,6.0,1.333594966
36047019600,411,3899,2.0,-0.558407821
36047019700,412,3551,12.0,-0.108541999
36047019800,413,1709,3.0,-2.563534097
36047019900,414,2944,4.0,4.060833303
36047020000,415,1972,2.0,-1.115624614
36047020100,416,3611,7.0,1.128327589
36047020200,417,1769,1.0,-2.602178789
36047020300,418,1242,4.0,1.328151086
36047020400,419,1935,0.0,-2.504691893
36047020500,420,2445,2.0,2.544843979
36047020600,421,2195,0.0,-3.003310938
36047020700,422,4624,7.0,0.98416535
36047020800,423,2696,2.0,-0.935077276
36047021000,424,3373,6.0,-2.492798675
36047021200,425,3738,9.0,-1.323948991
36047021300,426,4682,30.0,1.288024561
36047021400,427,1844,1.0,-1.740197482
36047021500,428,5586,5.0,1.581612013
36047021600,429,3643,2.0,-0.9440835
36047021700,430,3819,12.0,2.387778912
36047021800,431,3783,4.0,-3.212555709
36047021900,432,3797,24.0,1.229631801
36047022000,433,4499,7.0,-1.411274779
36047022100,434,3897,20.0,1.840308653
36047022200,435,4717,8.0,0.494609468
36047022400,436,4996,11.0,-2.267636475
36047022600,437,2541,4.0,-2.265829665
36047022700,438,3411,15.0,2.959995039
36047022800,439,3415,10.0,-1.189336478
36047022900,440,3176,5.0,1.293096322
36047023000,441,4210,5.0,-1.710490158
36047023100,442,2800,1.0,2.65363279
36047023200,443,6023,8.0,-1.468432604
36047023300,444,4895,5.0,1.406360988
36047023400,445,4746,10.0,-2.337029097
36047023500,446,2150,4.0,0.487987332
36047023600,447,5259,7.0,-1.474405661
36047023800,448,4482,1.0,-1.927396919
36047024000,449,4641,5.0,-0.028686757
36047024100,450,1630,4.0,4.78096162
36047024200,451,2826,2.0,-2.962895515
36047024300,452,3938,4.0,1.391168615
36047024400,453,3086,9.0,-1.16379462
36047024500,454,3595,6.0,1.738826719
36047024600,455,2946,3.0,-3.148469426
36047024700,456,2346,50.0,3.495842582
36047024800,457,2473,0.0,-2.277894685
36047024900,458,4198,14.0,5.140480337
36047025000,459,1552,4.0,-2.091302976
36047025100,460,3783,0.0,2.681679985
36047025200,461,4667,8.0,-1.060980412
36047025300,462,2550,8.0,4.54705117
36047025400,463,3391,1.0,-1.877035265
36047025500,464,5079,12.0,-1.019847663
36047025600,465,2966,1.0,-2.884948397
36047025700,466,2036,14.0,0.961188851
36047025800,467,4355,0.0,-1.734121798
36047025901,468,1900,8.0,3.478454683
36047025902,469,3577,2.0,-1.307153996
36047026000,470,3481,3.0,-0.727175414
36047026100,471,4492,10.0,3.263401185
36047026200,472,2365,2.0,-2.506079923
36047026300,473,1876,4.0,1.546580096
36047026400,474,4455,5.0,-1.294342061
36047026500,475,3729,8.0,3.248686527
36047026600,476,3433,4.0,-2.156649906
36047026700,477,4128,2.0,4.040411535
36047026800,478,4034,5.0,-0.546188821
36047026900,479,2804,10.0,1.326542288
36047027000,480,2348,5.0,1.521679376
36047027200,481,3453,3.0,-1.080855482
36047027300,482,3035,26.0,0.398606088
36047027400,483,2900,0.0,-1.382104532
36047027500,484,4172,21.0,2.936606864
36047027600,485,3367,3.0,-0.968407215
36047027700,486,3995,16.0,2.050230368
36047027800,487,2804,2.0,-0.595695707
36047027900,488,3779,4.0,0.727341791
36047028000,489,1692,3.0,-1.244219055
36047028100,490,3640,18.0,1.970832183
36047028200,491,2895,1.0,0.351284026
36047028300,492,3670,8.0,2.942618344
36047028400,493,3844,11.0,-0.685756284
36047028501,494,1322,6.0,-0.560500789
36047028502,495,2908,6.0,0.055956283
36047028600,496,4968,3.0,0.856787132
36047028700,497,2779,14.0,2.337683336
36047028800,498,3498,3.0,-0.443776901
36047028900,499,3443,22.0,2.33430499
36047029000,500,3813,1.0,-0.871355283
36047029100,501,2811,20.0,3.562468499
36047029200,502,2452,6.0,0.154217986
36047029300,503,3260,24.0,1.134276909
36047029400,504,2347,0.0,-0.24779691
36047029500,505,3713,17.0,1.720189292
36047029600,506,5362,10.0,-0.185875093
36047029700,507,3349,18.0,0.907350991
36047029800,508,3390,2.0,-0.867731285
36047029900,509,1750,33.0,1.150170251
36047030000,510,3630,9.0,-0.361861832
36047030100,511,2659,21.0,-0.163411833
36047030200,512,3761,1.0,-2.787877169
36047030300,513,3514,9.0,1.081270918
36047030400,514,3997,3.0,-0.539520522
36047030600,515,1928,2.0,-2.57983569
36047030700,516,3816,33.0,1.026740041
36047030800,517,1717,5.0,-2.58159167
36047030900,518,1610,6.0,0.321755967
36047031100,519,2669,6.0,2.748218834
36047031300,520,4770,4.0,2.566547858
36047031400,521,4503,3.0,-1.155427236
36047031500,522,5352,20.0,3.054799634
36047031701,523,3650,14.0,3.986345499
36047031702,524,3556,26.0,0.470923994
36047031900,525,3816,12.0,0.412576758
36047032100,526,5550,26.0,0.548661669
36047032300,527,3741,10.0,0.935134619
36047032500,528,6618,14.0,0.59906789
36047032600,529,7217,16.0,0.535548338
36047032700,530,3774,10.0,1.653844326
36047032800,531,3288,4.0,0.825743884
36047032900,532,5828,10.0,0.679401224
36047033000,533,5219,1.0,0.373578137
36047033100,534,4704,16.0,0.718148699
36047033300,535,4450,4.0,-0.997922237
36047033500,536,3120,10.0,-2.254635922
36047033600,537,5119,3.0,1.12377578
36047033700,538,4498,88.0,0.615719022
36047033900,539,4524,12.0,1.239132461
36047034000,540,2485,0.0,-0.521418536
36047034100,541,2762,10.0,0.824903168
36047034200,542,7366,2.0,1.955493554
36047034300,543,5417,6.0,2.211704539
36047034500,544,2540,2.0,1.708542652
36047034700,545,3150,12.0,2.302574757
36047034900,546,5555,10.0,0.510358329
36047035000,547,3550,1.0,-0.37104364
36047035100,548,5006,66.0,0.073047793
36047035200,549,1264,4.0,6.21178261
36047035300,550,5518,24.0,2.87983571
36047035400,551,5686,3.0,-2.395183832
36047035500,552,5416,22.0,1.105595643
36047035700,553,2315,20.0,0.37470539
36047035900,554,5301,30.0,0.420340569
36047036001,555,3450,8.0,1.586985729
36047036002,556,4200,5.0,2.447493339
36047036100,557,2540,26.0,2.778366089
36047036200,558,4996,15.0,3.719770694
36047036300,559,3707,29.0,2.149755421
36047036400,560,2618,5.0,2.488014345
36047036501,561,2377,12.0,1.601336671
36047036502,562,1022,9.0,4.80162081
36047036600,563,4482,7.0,0.658945826
36047036700,564,1365,16.0,-1.07389852
36047036900,565,4912,29.0,1.922394378
36047037000,566,4064,8.0,-0.660548996
36047037100,567,3996,15.0,-1.860396207
36047037300,568,4158,36.0,1.184948542
36047037500,569,2838,16.0,1.205195954
36047037700,570,3811,0.0,0.406418402
36047037900,571,2916,24.0,1.688313917
36047038100,572,4839,3.0,0.866435846
36047038200,573,6139,1.0,-1.09434547
36047038300,574,3991,23.0,2.99852208
36047038500,575,3606,16.0,3.464596784
36047038600,576,3387,2.0,-1.787329022
36047038700,577,3624,12.0,1.380998945
36047038800,578,3807,2.0,-1.605544054
36047038900,579,2334,8.0,-0.570636904
36047039000,580,2200,9.0,-1.308718244
36047039100,581,1550,4.0,0.028861467
36047039200,582,2786,9.0,-0.441763284
36047039300,583,2875,36.0,0.711318939
36047039400,584,2518,7.0,-0.579463847
36047039500,585,3610,20.0,2.453187219
36047039600,586,2041,2.0,-0.361601704
36047039700,587,3252,28.0,1.653795787
36047039800,588,2415,3.0,-0.838293715
36047039900,589,3781,28.0,2.312311159
36047040000,590,2960,7.0,-1.142968926
36047040100,591,3194,25.0,1.027902135
36047040200,592,2582,6.0,-1.961881643
36047040300,593,3039,15.0,1.347249264
36047040400,594,2153,1.0,-0.646145754
36047040500,595,1349,15.0,1.513729971
36047040600,596,3099,2.0,-1.061942641
36047040700,597,1,5.0,0.32670909328252284
36047040800,598,2985,3.0,-1.232896745
36047040900,599,3531,8.0,-0.65651046
36047041000,600,1752,2.0,-1.643904846
36047041100,601,2884,10.0,0.930561247
36047041200,602,2730,3.0,-0.508771675
36047041300,603,3306,34.0,0.177745145
36047041401,604,1387,6.0,-2.548899508
36047041402,605,1886,11.0,1.177841865
36047041500,606,3680,24.0,-0.137292375
36047041600,607,2468,3.0,-2.732284964
36047041700,608,3238,12.0,1.828614834
36047041800,609,2511,6.0,1.980600922
36047041900,610,3895,12.0,0.378209244
36047042000,611,2220,4.0,-1.868073782
36047042100,612,3524,24.0,2.823044824
36047042200,613,3664,4.0,-0.270292768
36047042300,614,2791,26.0,1.407166007
36047042400,615,3689,4.0,0.404719961
36047042500,616,2339,6.0,1.803394437
36047042600,617,3854,1.0,-1.458458117
36047042700,618,5547,27.0,-0.34006943
36047042800,619,3675,3.0,-1.290824398
36047042900,620,5808,30.0,1.180718148
36047043000,621,3297,4.0,0.226734554
36047043100,622,5260,102.0,0.023214626
36047043200,623,3899,7.0,-2.380301542
36047043300,624,3708,98.0,-0.598011794
36047043400,625,3520,6.0,0.455746504
36047043500,626,4491,19.0,0.185342085
36047043600,627,4034,3.0,-1.094987485
36047043700,628,5048,27.0,0.153727841
36047043800,629,2654,3.0,-0.207459926
36047043900,630,3783,33.0,-0.632937683
36047044000,631,2742,4.0,-1.172118618
36047044100,632,5631,24.0,-0.182683569
36047044200,633,2730,0.0,-3.167595613
36047044300,634,5244,21.0,1.735923635
36047044400,635,3215,3.0,-0.905195404
36047044500,636,4563,24.0,-0.728757397
36047044600,637,1827,2.0,-2.550381557
36047044700,638,1926,3.0,1.134202547
36047044800,639,1499,5.0,-0.514266799
36047045000,640,1279,6.0,-2.659534405
36047045200,641,2805,0.0,-2.550251337
36047045300,642,1656,8.0,2.835950074
36047045400,643,2085,3.0,-2.004211087
36047045600,644,2333,7.0,-0.881160991
36047045800,645,1510,5.0,-2.57590794
36047046201,646,2465,2.0,1.173043269
36047046202,647,1523,4.0,-3.241277912
36047046400,648,2567,0.0,-2.411747414
36047046800,649,1090,1.0,-2.48014174
36047047000,650,3006,0.0,-2.394677597
36047047200,651,2986,3.0,-2.776785417
36047047400,652,2982,5.0,-3.013496988
36047047600,653,3780,8.0,-1.984480004
36047047700,654,2380,4.0,0.744631986
36047047800,655,4911,4.0,-0.440214037
36047048000,656,3475,8.0,-0.800879678
36047048100,657,2773,5.0,2.818984514
36047048200,658,5313,2.0,-0.273999661
36047048400,659,5268,24.0,-1.687795582
36047048600,660,3575,20.0,-2.466612482
36047048800,661,4394,8.0,-1.313408656
36047048900,662,4021,8.0,0.551361354
36047049000,663,6128,20.0,-0.178726849
36047049100,664,5551,24.0,1.526260633
36047049200,665,3360,16.0,-1.249694438
36047049300,666,7674,16.0,0.761348216
36047049400,667,5567,4.0,-0.945268881
36047049500,668,2713,17.0,1.441235103
36047049600,669,4555,6.0,-1.098238228
36047049700,670,2271,9.0,2.129621176
36047049800,671,4086,6.0,-1.343025727
36047049900,672,1660,3.0,0.729875797
36047050000,673,3660,12.0,0.427800292
36047050100,674,2659,4.0,2.132036156
36047050202,675,2155,4.0,0.280085066
36047050300,676,2720,7.0,0.894616792
36047050400,677,4471,14.0,-0.216574882
36047050500,678,4207,6.0,0.279107665
36047050600,679,6171,30.0,1.114008079
36047050700,680,883,22.0,-0.607476521
36047050900,681,2024,4.0,-2.416729753
36047051100,682,3750,6.0,1.544077345
36047051200,683,6823,15.0,0.628484823
36047051300,684,4359,7.0,1.339939762
36047051400,685,7659,42.0,0.111417752
36047051500,686,927,5.0,0.880031389
36047051700,687,1538,0.0,2.103958071
36047051800,688,3651,9.0,0.555198447
36047051900,689,3096,9.0,2.998220953
36047052000,690,4382,2.0,-1.709430847
36047052300,691,5702,7.0,0.303062798
36047052500,692,3534,9.0,0.237400173
36047052600,693,4499,19.0,-0.162966753
36047052700,694,7211,10.0,0.602413974
36047052800,695,2077,1.0,-1.704396567
36047052900,696,4263,7.0,-1.934440577
36047053000,697,3555,9.0,-0.469830355
36047053100,698,3027,2.0,-2.459047305
36047053200,699,2740,6.0,-0.847303242
36047053300,700,7461,5.0,-1.999464783
36047053400,701,4590,18.0,0.693301105
36047053500,702,4827,11.0,-0.904953204
36047053700,703,2124,6.0,-3.680416463
36047053800,704,4677,11.0,2.478204106
36047053900,705,3869,2.0,-2.480498773
36047054200,706,4467,3.0,-0.690080332
36047054300,707,31,4.0,0.2844258097671774
36047054400,708,3675,2.0,-0.369149512
36047054500,709,7768,2.0,-0.448281268
36047054600,710,4548,4.0,1.09750162
36047054700,711,3552,6.0,0.463484784
36047054800,712,2068,1.0,-2.224760409
36047054900,713,1652,1.0,1.433901147
36047055000,714,3568,6.0,2.244676952
36047055100,715,4341,2.0,0.885420666
36047055200,716,3491,16.0,0.473143482
36047055300,717,2586,2.0,2.998728231
36047055400,718,4276,10.0,1.593509765
36047055500,719,977,2.0,4.038511325
36047055600,720,3797,4.0,-0.766398791
36047055700,721,1202,0.0,2.455869622
36047055800,722,2518,4.0,-0.67645852
36047056000,723,3562,4.0,-0.553281976
36047056200,724,1671,1.0,-4.240961226
36047056300,725,4311,0.0,1.887483054
36047056400,726,2444,1.0,-3.047117587
36047056500,727,3502,6.0,1.79300375
36047056600,728,2563,3.0,-1.277634951
36047056800,729,1339,3.0,-0.940158751
36047056900,730,1660,5.0,3.556429942
36047057000,731,3301,5.0,-2.181622638
36047057100,732,5014,5.0,1.225728386
36047057200,733,5615,2.0,0.353827165
36047057300,734,2771,3.0,1.496766612
36047057400,735,2630,5.0,-3.118652574
36047057500,736,4931,3.0,3.651842549
36047057600,737,2844,2.0,-2.279123203
36047057800,738,3006,3.0,-1.54890947
36047057900,739,1338,3.0,3.319542477
36047058000,740,3171,4.0,-1.35665665
36047058200,741,2995,5.0,0.209729506
36047058400,742,3537,0.0,0.296079232
36047058600,743,2346,1.0,-1.532569762
36047058800,744,3451,1.0,-1.194607736
36047058900,745,1787,0.0,0.032936265
36047059000,746,1879,3.0,-1.5099179
36047059100,747,4241,3.0,1.736144387
36047059200,748,3975,8.0,-2.269999923
36047059300,749,2463,0.0,2.12398423
36047059401,750,7850,2.0,-1.091026149
36047059402,751,4606,14.0,-1.320644175
36047059600,752,2256,1.0,-2.379390006
36047059800,753,3323,0.0,-2.176480353
36047060000,754,6111,6.0,0.156005039
36047060600,755,2480,10.0,-0.338501076
36047060800,756,3710,12.0,3.339115163
36047061002,757,2924,4.0,-0.456892345
36047061200,758,1166,4.0,-0.232750388
36047061600,759,1535,2.0,-2.157548428
36047062200,760,3083,3.0,2.359228601
36047062600,761,2727,1.0,-1.186877629
36047062800,762,5481,2.0,-4.113212124
36047063200,763,1376,6.0,-1.023815559
36047063600,764,1278,0.0,-4.339574381
36047063800,765,1509,3.0,-2.102162929
36047064000,766,1499,1.0,-4.336109919
36047064200,767,2675,7.0,-0.426004498
36047064400,768,2322,0.0,-1.723086117
36047064600,769,2076,0.0,-4.443785734
36047064800,770,1971,0.0,-3.305847217
36047065000,771,1423,8.0,-3.651630915
36047065200,772,1178,2.0,-3.6086274
36047065400,773,1611,2.0,-5.144741096
36047065600,774,1814,0.0,-5.696459642
36047065800,775,1841,3.0,-3.850628664
36047066000,776,1674,0.0,-3.418647789
36047066200,777,1371,2.0,-3.740893505
36047066600,778,1,1.0,0.07653333984106979
36047067000,779,2396,9.0,-2.277902963
36047067200,780,1328,5.0,-4.414230165
36047067400,781,2005,0.0,-2.995316769
36047067600,782,1730,4.0,-3.457734225
36047067800,783,2639,0.0,-1.435163759
36047068000,784,1783,2.0,-3.741226411
36047068200,785,2258,1.0,-3.666621715
36047068600,786,1545,1.0,0.135689576
36047068800,787,1564,3.0,-3.450540808
36047069000,788,1774,1.0,-4.521661534
36047069200,789,2356,1.0,-3.959004762
36047069800,790,1237,7.0,-3.508765361
36047070000,791,1732,1.0,-3.573926701
36047070201,792,6508,1.0,-2.005248774
36047070202,793,163,0.0,-0.007022639608751737
36047070203,794,0,0.0,0.0010222423928119924
36047070600,795,2858,0.0,-4.525474168
36047072000,796,1694,2.0,-3.345692967
36047072200,797,2833,1.0,-3.436184632
36047072400,798,1962,2.0,-2.413581156
36047072600,799,2491,2.0,-4.87339068
36047072800,800,3720,1.0,-1.435669731
36047073000,801,2292,1.0,-4.006464387
36047073200,802,2320,0.0,-1.860358746
36047073400,803,2138,2.0,-4.884593029
36047073600,804,3357,4.0,-0.916951689
36047073800,805,3298,5.0,-2.924987894
36047074000,806,3613,6.0,-2.475882475
36047074200,807,3343,2.0,-3.974615775
36047074400,808,2362,1.0,-4.515007464
36047074600,809,1986,8.0,-2.814566781
36047074800,810,2086,5.0,-1.952199786
36047075000,811,3135,0.0,-1.330401774
36047075200,812,1246,0.0,-5.395717914
36047075400,813,1589,1.0,-4.259925425
36047075600,814,1976,2.0,-2.712732549
36047075800,815,1871,0.0,-3.009758174
36047076000,816,2971,2.0,-0.267713209
36047076200,817,4627,6.0,-0.832346536
36047076400,818,4121,8.0,-1.236541596
36047076600,819,2272,1.0,-0.752593929
36047077000,820,3029,10.0,-0.923041663
36047077200,821,3333,9.0,-1.15972519
36047077400,822,3097,12.0,-0.14369405
36047077600,823,4090,1.0,-1.557401042
36047078000,824,2509,2.0,-4.615323938
36047078200,825,4274,4.0,-1.810556646
36047078400,826,2699,2.0,-2.756713971
36047078600,827,4449,18.0,-0.003282238
36047078800,828,3740,12.0,-0.919905675
36047079000,829,5828,51.0,-0.3423665
36047079200,830,3870,18.0,0.601054458
36047079400,831,1924,36.0,0.884163351
36047080000,832,3883,12.0,-0.949520342
36047080200,833,4765,24.0,0.066579977
36047080400,834,3366,29.0,2.793061843
36047080600,835,2832,8.0,-1.473164079
36047081000,836,2429,2.0,1.745510788
36047081400,837,3036,12.0,-1.169934421
36047081600,838,2989,20.0,-0.445346683
36047081800,839,5184,31.0,1.661086707
36047082000,840,5380,33.0,0.772120868
36047082200,841,7446,9.0,0.923034979
36047082400,842,4475,18.0,1.797492096
36047082600,843,5997,19.0,-0.636701471
36047082800,844,3967,12.0,0.22146367
36047083000,845,6507,7.0,-1.024082138
36047083200,846,2535,2.0,-2.148114447
36047083400,847,2089,4.0,-3.175549955
36047083600,848,2159,5.0,-1.652216143
36047083800,849,2488,6.0,-4.661920186
36047084000,850,2502,8.0,-3.27657854
36047084600,851,2143,12.0,-0.903625638
36047084800,852,1788,2.0,-3.167052047
36047085000,853,1430,4.0,-3.92583802
36047085200,854,1,0.0,0.014488689645294312
36047085400,855,2195,2.0,-0.472302359
36047085600,856,3869,10.0,0.432345664
36047085800,857,2441,4.0,0.573716372
36047086000,858,3641,26.0,-1.529803247
36047086200,859,3354,0.0,-0.352627313
36047086400,860,2144,10.0,-2.496034877
36047086600,861,3208,4.0,0.678556155
36047086800,862,3410,32.0,1.741272714
36047087000,863,3216,6.0,-1.059096703
36047087200,864,3551,8.0,-0.737947161
36047087401,865,3297,6.0,1.18777864
36047087600,866,1710,16.0,-0.010947217
36047087800,867,3149,24.0,-0.285078194
36047088000,868,2736,17.0,-2.155108175
36047088200,869,6765,35.0,0.806401134
36047088400,870,5105,30.0,0.30665969
36047088600,871,4628,55.0,0.788949863
36047088800,872,4103,21.0,0.019844864
36047089000,873,6541,55.0,2.088905845
36047089200,874,3976,35.0,1.277403338
36047089400,875,3640,20.0,-0.443967428
36047089600,876,3644,15.0,3.154044512
36047089800,877,1586,15.0,-0.011734299
36047090000,878,5517,45.0,-0.986493734
36047090200,879,4741,20.0,-0.022227708
36047090600,880,4666,70.0,-0.156639853
36047090800,881,2952,35.0,3.918089841
36047091000,882,5638,25.0,0.417155346
36047091200,883,7288,30.0,-0.377625515
36047091600,884,4247,40.0,0.023057364
36047091800,885,2843,10.0,-1.427013656
36047092000,886,2919,45.0,-1.593250697
36047092200,887,2848,6.0,0.840521749
36047092800,888,2787,2.0,-1.053255603
36047093000,889,2752,2.0,-1.72854884
36047093400,890,2402,6.0,-1.688800755
36047093600,891,1851,6.0,-2.340315485
36047093800,892,2627,4.0,1.150971154
36047094401,893,3197,1.0,-2.74242606
36047094402,894,2832,1.0,1.71708398
36047095000,895,3154,9.0,-4.010639801
36047095400,896,4730,3.0,-3.006134923
36047095600,897,3974,8.0,-2.695983553
36047095800,898,3362,1.0,-3.585173389
36047096000,899,3,1.0,0.07872104202444197
36047096200,900,1679,4.0,-1.298538993
36047096400,901,2182,6.0,-2.384942201
36047096600,902,2131,3.0,-2.892483172
36047096800,903,1403,6.0,-3.638442316
36047097000,904,2080,2.0,-1.365792046
36047097400,905,2612,5.0,-2.231194013
36047098200,906,4518,7.0,-1.02621614
36047098400,907,2058,1.0,-1.863060267
36047098600,908,3101,5.0,-3.83678879
36047098800,909,3072,4.0,-0.634968368
36047099000,910,1520,3.0,-1.688306834
36047099200,911,1845,2.0,-3.618646375
36047099400,912,1934,2.0,-2.562552824
36047099600,913,3852,4.0,-2.420620165
36047099800,914,3741,1.0,-1.07361033
36047100400,915,2758,1.0,-1.993790604
36047100600,916,2572,0.0,-2.073238573
36047100800,917,2090,3.0,-3.361620491
36047101000,918,2172,2.0,-2.45605897
36047101200,919,2007,1.0,-2.525119679
36047101400,920,2186,0.0,-2.375648214
36047101600,921,1561,1.0,-4.677896645
36047101800,922,2004,0.0,-1.386932898
36047102000,923,2041,1.0,-3.536801274
36047102200,924,2103,9.0,-3.056530473
36047102400,925,2052,1.0,-2.213870449
36047102600,926,2775,1.0,-3.011328249
36047102800,927,1705,1.0,-3.239380119
36047103400,928,3948,0.0,1.174123962
36047107000,929,298,0.0,1.408864512
36047107800,930,4370,11.0,-0.626496819
36047109800,931,1532,8.0,1.362020224
36047110600,932,4282,35.0,-0.296299509
36047111000,933,3478,15.0,0.273984138
36047111800,934,2666,2.0,4.179127259
36047112000,935,3144,16.0,0.016965238
36047112200,936,2961,25.0,-1.639404745
36047112400,937,3269,20.0,-0.315303807
36047112600,938,3642,25.0,-0.142391267
36047112800,939,3926,40.0,-0.043327878
36047113000,940,3580,15.0,-1.441762223
36047113200,941,1442,25.0,-3.166941437
36047113400,942,2981,40.0,1.210303935
36047114201,943,1719,15.0,-1.669387431
36047114202,944,2534,5.0,0.971051476
36047114600,945,3032,10.0,-2.062805951
36047115000,946,1847,10.0,1.281484771
36047115200,947,2582,40.0,-0.518951469
36047115600,948,4101,20.0,-0.387309113
36047115800,949,2936,15.0,0.133235426
36047116000,950,2598,5.0,1.036210335
36047116200,951,2276,15.0,-1.294446739
36047116400,952,2782,3.0,-0.77856455
36047116600,953,2628,5.0,2.277920085
36047116800,954,1967,4.0,2.923124514
36047117000,955,1840,38.0,-0.699185238
36047117201,956,2892,5.0,-2.774576843
36047117202,957,4249,2.0,1.179036189
36047117400,958,4273,8.0,0.736833626
36047117601,959,2673,5.0,-0.536900809
36047117602,960,3187,1.0,0.626424871
36047117800,961,1716,7.0,-0.711159558
36047118000,962,0,1.0,0.08636736472482405
36047118201,963,2912,1.0,0.323212304
36047118202,964,3059,3.0,0.7027206
36047118400,965,5136,8.0,1.274879566
36047118600,966,3117,5.0,0.170657944
36047118800,967,4569,5.0,0.347625466
36047119000,968,2000,6.0,-1.776877245
36047119200,969,2461,2.0,2.213949971
36047119400,970,3426,4.0,1.675270302
36047119600,971,5015,7.0,1.571242572
36047120000,972,2238,4.0,1.776670167
36047120200,973,1916,5.0,-2.59336965
36047120800,974,8529,9.0,0.984321735
36047121000,975,3991,4.0,-0.675023949
36047121400,976,4381,1.0,-0.504127808
36047122000,977,2848,3.0,0.994722751
36061000201,978,3303,4.0,1.2367748
36061000202,979,6884,0.0,0.229643724
36061000500,980,2,0.0,-0.0029836511182068513
36061000600,981,12186,29.0,0.676770656
36061000700,982,1626,5.0,6.930811302
36061000800,983,10855,44.0,0.933515738
36061000900,984,1072,13.0,11.31655511
36061001001,985,1369,4.0,-0.802981407
36061001002,986,6714,12.0,1.069659796
36061001200,987,3460,24.0,1.193105874
36061001300,988,1820,15.0,9.01984036
36061001401,989,2966,16.0,-0.807471118
36061001402,990,2996,24.0,2.850602423
36061001501,991,4658,11.0,3.462858592
36061001502,992,4290,14.0,7.74364743
36061001600,993,9487,300.0,1.53114008
36061001800,994,10007,80.0,3.86512805
36061002000,995,5150,20.0,0.01405167
36061002100,996,2770,20.0,0.747095917
36061002201,997,6620,12.0,1.443206475
36061002202,998,1620,5.0,3.185884805
36061002400,999,5115,0.0,2.002032772
36061002500,1000,5174,3.0,-0.18001055
36061002601,1001,3437,1.0,1.217145894
36061002602,1002,3769,3.0,0.60454132
36061002700,1003,1491,3.0,1.743214709
36061002800,1004,6742,5.0,1.693254866
36061002900,1005,7320,24.0,3.78738283
36061003001,1006,4297,32.0,5.20921088
36061003002,1007,3263,5.0,2.636627374
36061003100,1008,1809,22.0,8.024655987
36061003200,1009,8039,11.0,4.08022933
36061003300,1010,3842,26.0,2.256115458
36061003400,1011,6567,8.0,5.349309444
36061003601,1012,3292,24.0,2.79723736
36061003602,1013,2450,12.0,6.978477495
36061003800,1014,9168,12.0,6.352954476
36061003900,1015,4449,4.0,3.696379469
36061004000,1016,8686,13.0,5.429607821
36061004100,1017,8843,15.0,3.175561536
36061004200,1018,3812,9.0,9.369633389
36061004300,1019,4823,6.0,4.26665284
36061004500,1020,1073,14.0,3.135168805
36061004700,1021,2468,10.0,4.750760259
36061004800,1022,6485,18.0,4.772203416
36061004900,1023,5003,10.0,4.402669977
36061005000,1024,5629,22.0,5.018655146
36061005200,1025,3707,23.0,4.392697729
36061005400,1026,4012,18.0,2.9308146
36061005501,1027,4837,8.0,4.251045163
36061005502,1028,2194,11.0,2.008173669
36061005600,1029,2651,24.0,6.981211407
36061005700,1030,2559,6.0,2.607120189
36061005800,1031,943,15.0,7.825587951
36061005900,1032,5563,5.0,3.628450554
36061006000,1033,4040,6.0,4.959296187
36061006100,1034,5113,18.0,7.223124825
36061006200,1035,2337,6.0,5.739312165
36061006300,1036,6276,9.0,4.708784521
36061006400,1037,7410,22.0,5.094540483
36061006500,1038,6640,10.0,8.272639325
36061006600,1039,11830,13.0,3.593827551
36061006700,1040,5627,7.0,7.050114188
36061006800,1041,6838,17.0,6.803988918
36061006900,1042,2382,5.0,4.617450899
36061007000,1043,7875,23.0,6.288357282
36061007100,1044,5601,15.0,4.620798484
36061007200,1045,8168,47.0,7.934930529
36061007300,1046,6650,14.0,5.998061822
36061007400,1047,3772,16.0,9.085821054
36061007500,1048,4164,2.0,2.637802723
36061007600,1049,2471,34.0,8.476694059
36061007700,1050,6128,13.0,5.859255272
36061007800,1051,7563,24.0,5.848866826
36061007900,1052,4583,4.0,3.812133884
36061008000,1053,5391,27.0,5.328566391
36061008100,1054,7428,14.0,3.691202102
36061008200,1055,2814,18.0,6.617749634
36061008300,1056,3539,17.0,3.824694328
36061008400,1057,1097,25.0,9.162615713
36061008700,1058,4797,11.0,4.460457419
36061008800,1059,7313,15.0,6.301248356
36061008900,1060,5359,8.0,5.007494202
36061009000,1061,7629,19.0,8.035525649
36061009100,1062,4728,19.0,3.687016228
36061009200,1063,1382,26.0,8.222921499
36061009300,1064,8721,12.0,3.055898833
36061009400,1065,52,23.0,0.469243332937281
36061009500,1066,2729,12.0,7.732227472
36061009600,1067,206,22.0,0.30619940615216973
36061009700,1068,4889,9.0,1.436879484
36061009800,1069,7091,19.0,4.448379952
36061009900,1070,1233,15.0,7.034990963
36061010000,1071,1839,24.0,6.612743165
36061010100,1072,326,33.0,10.58743704
36061010200,1073,265,25.0,0.32656880947548944
36061010300,1074,1523,18.0,6.523580474
36061010400,1075,1084,10.0,7.850325455
36061010601,1076,7907,8.0,1.486831236
36061010602,1077,4041,8.0,4.79160752
36061010800,1078,8175,14.0,5.768797992
36061010900,1079,205,24.0,6.867021964
36061011000,1080,6775,23.0,6.105440735
36061011100,1081,3096,11.0,7.213406807
36061011201,1082,1035,19.0,11.96777874
36061011202,1083,387,10.0,18.67199848
36061011203,1084,1269,29.0,9.213663008
36061011300,1085,301,23.0,0.26533185938024206
36061011401,1086,1476,11.0,12.1010076
36061011402,1087,2371,13.0,5.95182561
36061011500,1088,1550,42.0,9.152163781
36061011600,1089,3827,8.0,7.880551126
36061011700,1090,642,5.0,6.558814764
36061011800,1091,8621,12.0,4.26437096
36061011900,1092,1376,28.0,0.10876686147687568
36061012000,1093,3965,16.0,5.066847866
36061012100,1094,8315,18.0,6.172009014
36061012200,1095,3886,24.0,7.506871975
36061012400,1096,10664,18.0,5.845914181
36061012500,1097,1858,40.0,11.41874921
36061012600,1098,12883,14.0,5.074186503
36061012700,1099,7243,30.0,4.947991006
36061012800,1100,6602,13.0,1.384418098
36061012900,1101,4614,19.0,6.761857359
36061013000,1102,4580,4.0,3.710373354
36061013100,1103,2159,20.0,9.259808804
36061013200,1104,9780,9.0,4.393868566
36061013300,1105,5844,13.0,8.579577585
36061013400,1106,10716,17.0,4.046573932
36061013500,1107,3814,16.0,5.712145346
36061013600,1108,15354,7.0,3.446926029
36061013700,1109,6764,35.0,7.901548296
36061013800,1110,12596,7.0,4.539337046
36061013900,1111,9741,20.0,8.072632419
36061014000,1112,7760,5.0,2.273226519
36061014200,1113,4929,9.0,4.444148738
36061014300,1114,19,27.0,0.8639773548852565
36061014401,1115,4884,2.0,2.037752666
36061014402,1116,6398,10.0,1.97656013
36061014500,1117,4524,13.0,8.741265554
36061014601,1118,3889,8.0,4.989887068
36061014602,1119,8223,2.0,5.096604931
36061014700,1120,2283,4.0,6.540360172
36061014801,1121,2900,8.0,2.138558401
36061014802,1122,6959,20.0,2.230353182
36061014900,1123,5945,14.0,5.038156159
36061015001,1124,2253,1.0,0.960586098
36061015002,1125,5824,5.0,0.430849185
36061015100,1126,7213,9.0,5.827699929
36061015200,1127,6946,12.0,2.560722581
36061015300,1128,9068,9.0,4.388555443
36061015400,1129,13127,13.0,1.873727713
36061015500,1130,6566,4.0,2.24358783
36061015601,1131,5472,2.0,4.336788485
36061015602,1132,1668,13.0,3.036788649
36061015700,1133,10941,13.0,5.02408788
36061015801,1134,5788,9.0,2.762759523
36061015802,1135,3206,1.0,5.998601874
36061015900,1136,9326,7.0,3.812459408
36061016001,1137,4129,3.0,0.027950582
36061016002,1138,3160,6.0,2.305742683
36061016100,1139,6682,9.0,4.553636245
36061016200,1140,9991,11.0,1.889162864
36061016300,1141,6769,5.0,3.387565969
36061016400,1142,6000,16.0,1.987557803
36061016500,1143,6597,15.0,2.802826302
36061016600,1144,7326,17.0,3.087777293
36061016700,1145,6899,5.0,3.162164591
36061016800,1146,4310,14.0,2.357886227
36061016900,1147,8588,7.0,4.956348961
36061017000,1148,8127,9.0,1.980107458
36061017100,1149,9560,9.0,1.735059933
36061017300,1150,8986,6.0,3.4256118
36061017401,1151,5764,1.0,2.366841826
36061017402,1152,2164,3.0,1.818652836
36061017500,1153,10734,11.0,3.395900819
36061017700,1154,9572,7.0,1.874085251
36061017800,1155,4077,15.0,2.120753055
36061017900,1156,9477,14.0,3.521148768
36061018000,1157,7813,9.0,1.482868232
36061018100,1158,9061,10.0,2.220856255
36061018200,1159,6851,15.0,2.47885618
36061018300,1160,9067,30.0,3.740297795
36061018400,1161,6189,4.0,1.792736012
36061018500,1162,3824,4.0,2.999976074
36061018600,1163,5732,2.0,0.843488872
36061018700,1164,9723,8.0,2.938824009
36061018800,1165,6425,19.0,2.77432678
36061018900,1166,11849,18.0,1.957272474
36061019000,1167,1945,3.0,2.198170709
36061019100,1168,9051,18.0,2.493490703
36061019200,1169,3794,2.0,-0.384276595
36061019300,1170,9376,16.0,2.735764901
36061019400,1171,6816,20.0,1.440216541
36061019500,1172,8081,20.0,2.507392107
36061019600,1173,3769,16.0,2.781150328
36061019701,1174,84,0.0,6.71022303
36061019702,1175,2088,5.0,3.723686327
36061019800,1176,1557,4.0,1.797225289
36061019900,1177,9176,8.0,5.323860884
36061020000,1178,2428,4.0,2.595393168
36061020101,1179,2167,2.0,4.765390741
36061020102,1180,3620,2.0,1.412955748
36061020300,1181,3588,4.0,7.367076016
36061020500,1182,5133,0.0,5.159549674
36061020600,1183,2375,2.0,4.850390237
36061020701,1184,2626,0.0,3.411700785
36061020800,1185,4123,5.0,2.871449206
36061020901,1186,3470,7.0,0.862890253
36061021000,1187,6624,3.0,0.337765673
36061021100,1188,10678,16.0,1.598706079
36061021200,1189,4192,16.0,5.527671434
36061021400,1190,3145,5.0,4.852153806
36061021600,1191,7944,3.0,2.139200179
36061021800,1192,5179,9.0,1.239712664
36061021900,1193,6385,12.0,0.853080049
36061022000,1194,5100,4.0,2.39665997
36061022102,1195,2063,10.0,2.555283862
36061022200,1196,2435,8.0,3.024604933
36061022301,1197,8361,14.0,0.792309469
36061022302,1198,3936,2.0,1.366841315
36061022400,1199,6232,12.0,0.514609562
36061022500,1200,11013,16.0,1.338601015
36061022600,1201,3618,22.0,6.109005289
36061022800,1202,4696,70.0,3.444446598
36061022900,1203,8789,32.0,2.066130685
36061023000,1204,7980,30.0,2.70348412
36061023200,1205,8307,56.0,1.540506182
36061023300,1206,6101,12.0,1.213517223
36061023400,1207,3625,9.0,3.068678053
36061023501,1208,6122,11.0,2.448322023
36061023502,1209,2019,0.0,4.767759804
36061023600,1210,5761,7.0,0.676285132
36061023700,1211,7214,21.0,2.685168797
36061023900,1212,2654,1.0,1.480128605
36061024000,1213,1412,0.0,-0.070657107806621
36061024100,1214,8231,13.0,2.089602395
36061024301,1215,4262,10.0,4.016680161
36061024302,1216,7385,0.0,1.054940128
36061024500,1217,15747,28.0,1.067929456
36061024700,1218,7689,5.0,1.401469473
36061024900,1219,1147,1.0,-0.515589588
36061025100,1220,2949,13.0,1.876964955
36061025300,1221,12600,11.0,1.523077618
36061025500,1222,6773,8.0,3.091455635
36061026100,1223,12981,26.0,-0.433597693
36061026300,1224,9701,14.0,-0.272802035
36061026500,1225,7915,10.0,1.492926417
36061026700,1226,1949,2.0,3.236056474
36061026900,1227,9780,24.0,-0.158818576
36061027100,1228,8827,22.0,0.72550811
36061027300,1229,6276,0.0,1.352258469
36061027500,1230,2732,0.0,0.18465074
36061027700,1231,8010,4.0,0.920801235
36061027900,1232,11617,11.0,1.044303162
36061028100,1233,2572,0.0,0.833334812
36061028300,1234,8295,4.0,0.891747708
36061028500,1235,8275,12.0,1.768560763
36061028700,1236,4496,9.0,1.765569011
36061029100,1237,12301,17.0,-0.085074081
36061029300,1238,9473,12.0,0.996972516
36061029500,1239,7522,1.0,1.048603635
36061029700,1240,16,0.0,0.005879479115969541
36061030300,1241,4136,6.0,1.779705156
36061030700,1242,3570,1.0,1.404116089
36061030900,1243,7885,2.0,0.674553029
36061031100,1244,18,3.0,0.25348531946915975
36061031900,1245,299,0.0,-0.041245616439878764
36081000100,1246,1728,2.0,6.249618371
36081000200,1247,2930,2.0,-3.198787379
36081000400,1248,4714,2.0,-2.491034352
36081000600,1249,3718,2.0,-0.407589886
36081000700,1250,4105,7.0,1.490984689
36081000800,1251,3204,2.0,-2.441733337
36081001000,1252,3202,5.0,-2.31798446
36081001200,1253,3805,0.0,-2.488904992
36081001400,1254,3310,3.0,-2.268731194
36081001600,1255,2702,2.0,-2.219156363
36081001800,1256,2809,1.0,-2.575884396
36081001900,1257,822,13.0,3.447552714
36081002000,1258,1378,2.0,-3.590015476
36081002200,1259,2376,5.0,-0.389634493
36081002400,1260,2161,2.0,-2.193925459
36081002500,1261,6694,5.0,1.378269784
36081002600,1262,2124,0.0,-2.664383496
36081002800,1263,3077,0.0,-0.808158167
36081003000,1264,1368,1.0,-2.72728796
36081003100,1265,1703,2.0,3.680933233
36081003200,1266,1543,10.0,-1.107025893
36081003400,1267,2318,8.0,-1.922514056
36081003600,1268,3119,0.0,-0.701707942
36081003700,1269,1272,0.0,-0.09214091686939281
36081003800,1270,2220,2.0,0.716556589
36081003900,1271,1523,1.0,3.391727606
36081004001,1272,1821,10.0,-1.33737641
36081004002,1273,1255,3.0,-3.160865555
36081004200,1274,3777,2.0,-1.832169
36081004300,1275,2557,1.0,1.929240102
36081004401,1276,3175,2.0,-2.416094904
36081004500,1277,3146,3.0,-1.8219789
36081004700,1278,4390,5.0,0.236307697
36081005000,1279,98,1.0,0.06961461169965773
36081005100,1280,2496,0.0,0.011497584
36081005200,1281,2450,4.0,-0.710633556
36081005300,1282,5903,6.0,2.245301778
36081005400,1283,5249,6.0,-2.484976689
36081005500,1284,1200,1.0,0.268321103
36081005700,1285,4845,2.0,0.506811608
36081005800,1286,5553,6.0,-1.529150467
36081005900,1287,4718,4.0,1.995518215
36081006100,1288,6639,2.0,1.924330508
36081006300,1289,6922,12.0,2.51301862
36081006900,1290,4544,4.0,2.41736146
36081007100,1291,4512,12.0,2.725919058
36081007300,1292,4817,4.0,1.345157189
36081007500,1293,4478,2.0,1.821864941
36081007700,1294,1344,5.0,2.252462848
36081007900,1295,3489,3.0,-0.445946572
36081008100,1296,998,1.0,2.369688296
36081008300,1297,3097,1.0,0.240464544
36081008600,1298,2714,5.0,-1.021540969
36081008700,1299,4549,1.0,0.824761854
36081008800,1300,3040,2.0,-2.036231006
36081009100,1301,2737,0.0,2.093813945
36081009400,1302,3078,7.0,-1.497406954
36081009500,1303,2696,1.0,0.606730587
36081009600,1304,3353,2.0,-3.377774672
36081009700,1305,3591,2.0,1.642057775
36081009800,1306,2918,4.0,-1.874888881
36081009900,1307,0,1.0,0.0852722116690835
36081010000,1308,3485,3.0,-5.115608579
36081010100,1309,2957,0.0,0.646894505
36081010200,1310,2732,10.0,-3.097462725
36081010300,1311,4756,3.0,3.290769482
36081010400,1312,3447,9.0,-2.282158247
36081010500,1313,4659,2.0,0.394939438
36081010600,1314,3476,16.0,-3.116919203
36081010800,1315,3030,3.0,-3.66383201
36081011000,1316,3098,0.0,-3.777532973
36081011100,1317,3123,1.0,0.536550352
36081011200,1318,2257,10.0,-0.003278459
36081011300,1319,5153,4.0,0.254947814
36081011400,1320,1142,6.0,-0.324748081
36081011500,1321,3548,2.0,2.95328281
36081011600,1322,2076,4.0,-2.94469164
36081011700,1323,4315,4.0,0.907744036
36081011800,1324,2446,7.0,-1.286816321
36081011900,1325,1948,2.0,1.632945733
36081012000,1326,2533,2.0,-1.004034238
36081012100,1327,2520,3.0,0.611109016
36081012200,1328,3087,8.0,-1.998242619
36081012400,1329,2933,4.0,-2.377751324
36081012601,1330,2431,1.0,-0.063528164
36081012602,1331,2540,1.0,-0.922538712
36081012800,1332,2069,1.0,0.321202447
36081013000,1333,1678,2.0,1.05725287
36081013200,1334,1783,5.0,0.612541719
36081013400,1335,5517,4.0,1.590833471
36081013500,1336,1729,0.0,-1.336963006
36081013600,1337,2160,1.0,-0.574116498
36081013700,1338,1483,3.0,1.557546018
36081013800,1339,3605,4.0,-0.329378917
36081014000,1340,4137,5.0,0.575380901
36081014100,1341,1935,0.0,-0.079949713
36081014201,1342,4371,1.0,-1.552804135
36081014202,1343,2941,5.0,-1.211421154
36081014300,1344,4465,2.0,1.515406192
36081014400,1345,1980,4.0,0.207815109
36081014500,1346,2280,1.0,3.255430026
36081014700,1347,3246,5.0,1.372646966
36081014800,1348,2275,1.0,-2.763165961
36081014900,1349,3087,3.0,2.102340027
36081015000,1350,2513,1.0,-4.988185783
36081015100,1351,3113,4.0,0.280767582
36081015200,1352,2667,3.0,-2.651832561
36081015300,1353,2574,1.0,3.233008666
36081015400,1354,2360,3.0,-2.366932009
36081015500,1355,2633,15.0,0.923907447
36081015600,1356,3408,1.0,-2.285327376
36081015700,1357,1627,3.0,1.309573489
36081015900,1358,4692,0.0,1.967496087
36081016100,1359,2855,1.0,-0.367026121
36081016300,1360,4530,1.0,-0.625194072
36081016400,1361,3577,4.0,-4.584725359
36081016600,1362,3678,3.0,-2.148165536
36081016800,1363,2917,6.0,-4.962191744
36081016900,1364,5576,7.0,0.142870857
36081017000,1365,2397,8.0,-3.696710854
36081017100,1366,20,14.0,0.6981179773286079
36081017200,1367,2216,8.0,-4.443118586
36081017400,1368,2380,4.0,-4.890550757
36081017600,1369,2024,2.0,-3.855319647
36081017800,1370,1913,6.0,-3.244127818
36081017900,1371,1127,11.0,2.178055201
36081018000,1372,1098,4.0,-2.619699229
36081018200,1373,2243,3.0,-2.225597923
36081018300,1374,6694,16.0,0.326516703
36081018401,1375,2339,3.0,-2.948386688
36081018402,1376,2190,1.0,-2.575801388
36081018600,1377,1729,0.0,0.046341359
36081018700,1378,3136,2.0,0.07792311
36081018800,1379,1263,0.0,-2.481762455
36081018900,1380,3583,4.0,0.238066789
36081019000,1381,2199,11.0,-3.373765372
36081019200,1382,1990,5.0,-2.021807602
36081019600,1383,2691,6.0,-0.662173743
36081019800,1384,2797,16.0,-1.860558883
36081020200,1385,1407,6.0,-3.330446072
36081020400,1386,1930,8.0,0.219136052
36081020600,1387,1753,14.0,-0.155279852
36081020800,1388,2536,14.0,-2.536929938
36081021200,1389,2706,28.0,0.582639309
36081021400,1390,6006,10.0,0.669502042
36081021600,1391,5538,6.0,-0.2897862
36081021900,1392,66,0.0,-0.005194476528119761
36081022001,1393,5789,2.0,1.223487384
36081022002,1394,5146,2.0,0.671731973
36081022900,1395,1,4.0,0.3323304395698256
36081023000,1396,1747,0.0,-2.273389739
36081023200,1397,5018,6.0,-0.805933887
36081023500,1398,8412,8.0,-1.237807684
36081023600,1399,2797,15.0,-1.213185968
36081023800,1400,5256,16.0,1.004387577
36081024000,1401,5719,28.0,-0.124945074
36081024300,1402,5260,3.0,-1.514513289
36081024500,1403,4703,2.0,-2.282059985
36081024600,1404,11,11.0,0.49569076793105676
36081024700,1405,1503,0.0,-1.205559516
36081024900,1406,5141,5.0,1.961813716
36081025100,1407,5523,6.0,-0.422224654
36081025500,1408,1815,4.0,-0.661114729
36081025700,1409,1507,1.0,1.252842361
36081025800,1410,1702,4.0,-2.255077666
36081025900,1411,3380,12.0,0.390217745
36081026000,1412,1706,5.0,-0.834699192
36081026100,1413,7250,7.0,-0.659829221
36081026200,1414,1175,3.0,-2.570205271
36081026300,1415,6025,8.0,0.997329522
36081026400,1416,2188,4.0,-1.528003605
36081026500,1417,4530,3.0,-0.599408968
36081026600,1418,1795,2.0,1.122889302
36081026700,1419,6372,18.0,-0.137010418
36081027000,1420,1487,0.0,-0.40499985
36081027100,1421,8893,8.0,-1.492986494
36081027200,1422,2151,3.0,-3.366217529
36081027300,1423,9376,57.0,-1.28076954
36081027400,1424,1825,0.0,-2.70460564
36081027500,1425,7091,33.0,-1.520491228
36081027600,1426,1218,3.0,-0.586933338
36081027700,1427,9299,18.0,0.787665756
36081027800,1428,2262,3.0,-0.654192409
36081027900,1429,6717,15.0,-0.624367271
36081028000,1430,1683,2.0,-0.534015843
36081028100,1431,6080,24.0,0.991805362
36081028200,1432,1340,0.0,-1.931479582
36081028300,1433,8158,33.0,0.645695859
36081028400,1434,3262,1.0,-3.474755383
36081028500,1435,4953,15.0,-1.075884882
36081028700,1436,6512,12.0,0.10371466
36081028800,1437,4352,5.0,-1.836060739
36081028900,1438,5453,27.0,-0.391665885
36081029100,1439,7114,24.0,0.28598311
36081029300,1440,1364,1.0,-2.657718101
36081029500,1441,3778,3.0,-1.070491855
36081029700,1442,1982,4.0,-1.272272997
36081029900,1443,17,0.0,-0.005253465725720939
36081030902,1444,7953,6.0,-1.759534702
36081031700,1445,6133,2.0,-2.089986323
36081032000,1446,4592,4.0,-1.54546768
36081032700,1447,4281,5.0,-0.400552458
36081032800,1448,2181,2.0,-2.046996358
36081032900,1449,4062,3.0,-3.798667522
36081033000,1450,6093,8.0,-1.467602683
36081033100,1451,0,0.0,-0.009421581163477036
36081033401,1452,2597,2.0,-2.66111682
36081033402,1453,13132,5.0,1.250550901
36081033700,1454,3836,3.0,-2.160816394
36081033900,1455,3673,5.0,-3.741208874
36081034700,1456,3418,4.0,-0.979168813
36081035100,1457,4283,1.0,-0.951243666
36081035200,1458,2509,2.0,-4.90201572
36081035300,1459,2661,1.0,0.867918903
36081035800,1460,3924,2.0,-2.373405817
36081036100,1461,2265,6.0,-1.979410279
36081036300,1462,2201,5.0,0.079088177
36081036500,1463,3255,2.0,-1.222602917
36081036600,1464,2634,13.0,-2.369323044
36081036700,1465,2808,1.0,-0.635510196
36081036800,1466,2487,1.0,-3.187918842
36081037100,1467,1415,0.0,-3.182753168
36081037300,1468,2195,2.0,0.017378653
36081037500,1469,4043,27.0,-0.141760955
36081037600,1470,5937,2.0,-3.881922379
36081037700,1471,3645,10.0,1.077170322
36081037900,1472,4789,12.0,-1.117061621
36081038100,1473,5449,16.0,0.679644518
36081038400,1474,2581,4.0,-2.895634771
36081039400,1475,2853,10.0,-2.810486802
36081039800,1476,1752,0.0,-3.064883528
36081039900,1477,3643,2.0,-2.666130372
36081040000,1478,1402,0.0,-0.513939486
36081040100,1479,6836,8.0,-0.577383182
36081040200,1480,1445,0.0,-3.694425832
36081040300,1481,6447,12.0,-1.411664255
36081040400,1482,3956,4.0,-1.507227277
36081040500,1483,3303,32.0,-1.257601436
36081040700,1484,7943,12.0,-0.035353173
36081040900,1485,5188,10.0,-0.502625675
36081041100,1486,3654,18.0,-2.618278598
36081041300,1487,3628,14.0,-1.381716496
36081041400,1488,3676,5.0,0.102291019
36081041500,1489,3671,4.0,-1.150552792
36081042600,1490,479,1.0,0.02344588949418152
36081042700,1491,3900,8.0,-1.699765285
36081043200,1492,1116,4.0,-3.522641863
36081043400,1493,1667,3.0,-3.59372777
36081043900,1494,3775,8.0,-1.790712946
36081044000,1495,3390,4.0,0.915183703
36081044601,1496,2535,13.0,-0.473901966
36081044602,1497,4176,23.0,1.587086365
36081044800,1498,2391,0.0,-1.672780296
36081045000,1499,1912,2.0,-2.421022713
36081045200,1500,1226,0.0,0.983374571
36081045400,1501,4298,9.0,-0.924704336
36081045500,1502,12552,12.0,1.988141116
36081045600,1503,1290,2.0,-3.706910356
36081045700,1504,3390,3.0,-0.35887694
36081045800,1505,1907,7.0,-1.81836174
36081045900,1506,3894,0.0,-1.507485322
36081046000,1507,5748,17.0,-0.040348998
36081046100,1508,2819,5.0,-1.650604162
36081046200,1509,6647,8.0,-0.290987167
36081046300,1510,4047,7.0,0.138854804
36081046400,1511,1384,0.0,1.067171872
36081046500,1512,4382,10.0,-0.560376659
36081046600,1513,2852,2.0,0.363281898
36081046700,1514,7108,2.0,0.5779433
36081046800,1515,4040,4.0,-0.887359174
36081046900,1516,9210,6.0,-0.992395979
36081047000,1517,3767,2.0,-4.17231524
36081047100,1518,4044,4.0,-1.678054844
36081047200,1519,4047,6.0,-0.902452773
36081047300,1520,3848,10.0,0.15453383
36081047500,1521,4202,3.0,0.465171564
36081047600,1522,1452,0.0,-4.280819195
36081047800,1523,5557,12.0,-2.101886268
36081047900,1524,5292,2.0,-2.555502343
36081048000,1525,2635,8.0,-3.306880511
36081048100,1526,6782,6.0,0.500064587
36081048200,1527,1593,3.0,-3.709962686
36081048300,1528,3781,3.0,-1.863447479
36081048400,1529,5251,2.0,-2.868753799
36081048500,1530,4348,4.0,-0.501716266
36081048900,1531,1248,6.0,-3.030888162
36081049200,1532,5150,4.0,0.145615353
36081049301,1533,1869,1.0,-0.999041291
36081049302,1534,2779,5.0,0.417812407
36081049500,1535,1295,2.0,0.471241087
36081049600,1536,3421,3.0,-3.697601281
36081049700,1537,2676,1.0,-1.221389214
36081049900,1538,4146,3.0,-2.544370565
36081050000,1539,4044,4.0,1.783794484
36081050201,1540,1352,2.0,-3.28140773
36081050202,1541,1437,0.0,-4.63443307
36081050400,1542,1759,6.0,-5.040149663
36081050500,1543,1652,1.0,0.850501937
36081050600,1544,1561,2.0,-5.480591578
36081050700,1545,3309,2.0,-0.231202422
36081050800,1546,2037,0.0,-1.57896392
36081051000,1547,1665,2.0,-4.63753137
36081051100,1548,2033,0.0,-2.35189211
36081051200,1549,2858,4.0,-4.570355383
36081051300,1550,2125,2.0,-0.721462958
36081051500,1551,2804,5.0,-1.44312715
36081051600,1552,2115,1.0,-3.026136893
36081051700,1553,1650,2.0,-0.242005041
36081051800,1554,2092,4.0,-4.475589113
36081052000,1555,1682,0.0,-6.33272761
36081052100,1556,2065,1.0,0.355207539
36081052200,1557,1483,2.0,-4.510990463
36081052400,1558,1874,0.0,-5.106920797
36081052500,1559,1895,0.0,0.019258133
36081052600,1560,1861,0.0,-3.092988177
36081052800,1561,1480,2.0,-1.607127163
36081053000,1562,2228,12.0,-3.254526527
36081053200,1563,1837,8.0,-4.280554021
36081053500,1564,1118,3.0,0.573101832
36081053800,1565,1932,0.0,-3.017235019
36081053900,1566,3970,28.0,-1.3595207
36081054000,1567,4468,8.0,-0.887413523
36081054200,1568,5645,3.0,-5.164533322
36081054500,1569,3911,12.0,0.07686907
36081054700,1570,4710,28.0,-0.654276104
36081054800,1571,2386,2.0,-5.758504323
36081054900,1572,5322,24.0,1.369996598
36081055100,1573,4668,32.0,0.059236455
36081055200,1574,3455,7.0,-1.791869302
36081055300,1575,2528,48.0,2.644448961
36081055400,1576,2473,5.0,-2.924727293
36081055500,1577,2183,4.0,-1.246412683
36081055600,1578,2243,2.0,-5.996446492
36081055700,1579,3942,24.0,-0.557339364
36081055800,1580,1944,6.0,-3.510871063
36081055900,1581,1142,0.0,-0.159496644
36081056000,1582,1808,0.0,-1.012700912
36081056100,1583,12,8.0,0.5244634055330842
36081056200,1584,1488,0.0,-5.098517794
36081056400,1585,1833,5.0,-0.812506243
36081056500,1586,1165,4.0,-1.001114452
36081056600,1587,1578,1.0,-4.963839824
36081056700,1588,4520,4.0,-2.236067883
36081056800,1589,5276,12.0,-2.487189904
36081057700,1590,3497,20.0,-2.066635508
36081057900,1591,1568,0.0,1.340655344
36081058000,1592,4094,2.0,-3.781513182
36081058100,1593,2613,20.0,0.190632115
36081058300,1594,3355,16.0,-0.157036073
36081058500,1595,4127,36.0,-1.387306952
36081058700,1596,3332,4.0,-0.983448178
36081058900,1597,4366,40.0,1.450231959
36081059000,1598,1225,1.0,-4.973392248
36081059100,1599,5783,16.0,1.166662181
36081059200,1600,1265,0.0,-3.975250616
36081059300,1601,3868,8.0,-0.330674555
36081059400,1602,1754,0.0,-3.93584587
36081059500,1603,4566,28.0,-0.192472759
36081059600,1604,1583,0.0,-4.213545638
36081059800,1605,1811,2.0,-2.17894682
36081059900,1606,1454,2.0,-1.790352394
36081060000,1607,1239,0.0,-3.864624266
36081060100,1608,2014,0.0,-2.355153327
36081060300,1609,1574,6.0,-2.569621003
36081060600,1610,1507,1.0,-3.872380717
36081060800,1611,1610,0.0,-3.572534286
36081061000,1612,1222,1.0,-4.611022193
36081061200,1613,1707,0.0,-5.134755087
36081061400,1614,1416,1.0,-4.010774948
36081061601,1615,2188,1.0,-5.580195657
36081061602,1616,1506,0.0,-4.426796557
36081061800,1617,1602,1.0,-1.964380669
36081061900,1618,2664,3.0,-0.925336425
36081062000,1619,1554,0.0,-4.911454558
36081062100,1620,2735,4.0,0.102461035
36081062300,1621,1680,0.0,-0.567700725
36081062400,1622,604,0.0,-0.03654442870629016
36081062500,1623,2256,44.0,-1.246691882
36081062600,1624,2663,3.0,-3.077189845
36081062700,1625,2654,0.0,-0.812986317
36081062900,1626,2683,4.0,-1.003977659
36081063000,1627,1751,1.0,-4.70353305
36081063200,1628,2380,1.0,-3.801921887
36081063301,1629,1457,0.0,-1.776524623
36081063302,1630,1421,0.0,-1.679996171
36081063500,1631,2487,8.0,-1.225727003
36081063700,1632,3099,8.0,-1.986967566
36081063800,1633,3794,2.0,-4.334150465
36081063900,1634,2679,4.0,-1.322553859
36081064101,1635,1639,2.0,-1.276561427
36081064102,1636,207,1.0,0.041410650916675326
36081064500,1637,1934,4.0,-3.186995162
36081064600,1638,3105,2.0,-3.07951951
36081065000,1639,2988,2.0,-4.816785905
36081065400,1640,2707,3.0,-2.267436739
36081065600,1641,4422,1.0,-2.421474905
36081065702,1642,1508,0.0,-1.483123692
36081065900,1643,1691,0.0,-1.623943257
36081066000,1644,3215,3.0,-2.929026229
36081066100,1645,1531,0.0,-2.394742489
36081066300,1646,2543,0.0,-4.164860173
36081066400,1647,9788,4.0,-2.770395663
36081066900,1648,1702,0.0,-2.343306301
36081067700,1649,1852,1.0,-3.146414595
36081067900,1650,4280,2.0,1.642367084
36081068000,1651,4351,2.0,-4.18531336
36081068200,1652,1245,2.0,-0.986976594
36081068300,1653,4289,19.0,-2.136823869
36081068700,1654,4702,6.0,-1.089932549
36081069000,1655,3282,2.0,-3.459200461
36081069300,1656,2839,9.0,0.965698455
36081069400,1657,2905,2.0,-2.28424259
36081069500,1658,2311,3.0,-0.374186091
36081069701,1659,3599,0.0,1.508737772
36081069702,1660,5017,2.0,-1.086836288
36081070300,1661,2918,2.0,0.41206303
36081070700,1662,2149,0.0,-3.645086651
36081070900,1663,2427,1.0,-0.30338905
36081071100,1664,4505,11.0,0.27840168
36081071600,1665,26,0.0,-0.0014468431442190325
36081071900,1666,2769,5.0,-1.058572413
36081072100,1667,5216,3.0,-0.618143507
36081072900,1668,1412,0.0,-1.484079331
36081073100,1669,1725,2.0,-2.815366749
36081073700,1670,1867,15.0,3.272390643
36081073900,1671,4997,12.0,0.692336334
36081074100,1672,3072,1.0,-0.431443691
36081074300,1673,4350,11.0,-2.030739633
36081074500,1674,3906,6.0,-0.064457338
36081074700,1675,2697,0.0,-0.596076241
36081076901,1676,3578,2.0,1.375310012
36081076902,1677,1336,4.0,1.366764686
36081077300,1678,2101,6.0,0.730289605
36081077500,1679,2461,2.0,2.094517421
36081077902,1680,5376,9.0,-2.436982176
36081077903,1681,2894,5.0,-1.188244765
36081077904,1682,6288,3.0,-1.31466076
36081077905,1683,2196,8.0,-0.925320698
36081078800,1684,1753,1.0,-2.53517872
36081079000,1685,2485,3.0,-2.04793393
36081079200,1686,2357,1.0,-2.472332534
36081079300,1687,0,0.0,-0.011912081959018035
36081079900,1688,3218,9.0,-1.61104729
36081080301,1689,3940,6.0,-2.40980002
36081080302,1690,3218,2.0,-3.140476334
36081080900,1691,6445,6.0,-1.805117182
36081081400,1692,3633,2.0,-3.177935067
36081081800,1693,3526,6.0,-4.25730814
36081083700,1694,5155,2.0,-3.48067145
36081083800,1695,4784,2.0,-4.68370995
36081084000,1696,6859,2.0,-3.653837742
36081084500,1697,4926,5.0,1.867848306
36081084601,1698,2809,0.0,-2.425834945
36081084602,1699,1104,0.0,-2.05161564
36081085300,1700,5852,21.0,0.941547097
36081085500,1701,7086,10.0,0.084474715
36081085700,1702,6182,9.0,-0.189611189
36081085900,1703,5042,3.0,1.051265396
36081086100,1704,2452,3.0,-0.917879436
36081086300,1705,7215,2.0,0.794329666
36081086400,1706,2498,3.0,-1.831521598
36081086500,1707,4191,12.0,2.489938298
36081087100,1708,1773,19.0,5.391284302
36081088400,1709,7871,3.0,-1.333094089
36081088901,1710,9197,5.0,-1.638181577
36081089200,1711,8603,2.0,-4.558912415
36081090700,1712,1352,0.0,-0.540745895
36081091601,1713,4189,3.0,1.328259457
36081091602,1714,20,0.0,-0.011593909371352823
36081091800,1715,16,0.0,-0.016280900382319642
36081091900,1716,5485,5.0,-1.943434067
36081092200,1717,2206,0.0,-4.57925276
36081092500,1718,3378,5.0,0.100530019
36081092800,1719,3421,1.0,-3.827625287
36081092900,1720,5486,3.0,-2.10933218
36081093800,1721,4431,11.0,2.532485568
36081093900,1722,3806,1.0,-1.947759028
36081094201,1723,2109,1.0,1.435119853
36081094202,1724,3735,8.0,-0.109459324
36081094203,1725,5434,2.0,-0.427686319
36081094500,1726,4168,2.0,-1.848243958
36081094700,1727,2183,2.0,-0.970303457
36081096400,1728,3803,5.0,0.907147459
36081097202,1729,3223,0.0,6.784664322
36081097300,1730,2257,1.0,-4.927862578
36081098100,1731,1942,2.0,-3.207968548
36081098700,1732,2583,0.0,-2.824581721
36081099100,1733,6645,1.0,-1.740732657
36081099200,1734,2890,2.0,0.813175607
36081099701,1735,2781,1.0,-1.818777237
36081101700,1736,5854,3.0,-2.682517145
36081102900,1737,3397,1.0,-2.234471827
36081103300,1738,4147,0.0,-3.299137607
36081103900,1739,6161,4.0,-3.841722785
36081104700,1740,7218,7.0,-2.082917812
36081105900,1741,3633,0.0,-4.460799527
36081107201,1742,2611,0.0,-0.674209172
36081107202,1743,0,0.0,-0.00018537292486626712
36081109700,1744,2031,1.0,-1.813652818
36081109900,1745,3329,5.0,-3.536147232
36081111300,1746,2518,0.0,-2.533648857
36081112300,1747,2110,14.0,0.746722554
36081112900,1748,2304,0.0,-0.307426028
36081113300,1749,1659,0.0,-0.778429796
36081113900,1750,3327,2.0,-1.14677642
36081114100,1751,2457,0.0,-4.115296638
36081114700,1752,1787,0.0,-4.992842938
36081115100,1753,1199,1.0,-2.824569887
36081115500,1754,2133,0.0,-2.229606551
36081115700,1755,3458,1.0,-2.310040212
36081115900,1756,4254,3.0,-1.501151352
36081116100,1757,4547,12.0,-1.111181077
36081116300,1758,9347,5.0,-0.463751198
36081116700,1759,2075,2.0,-0.339170605
36081117100,1760,3006,10.0,-0.736945034
36081117500,1761,5008,5.0,-1.313438674
36081118100,1762,1814,6.0,0.646839612
36081118500,1763,2054,1.0,-0.895860002
36081118700,1764,2494,0.0,-2.203718923
36081118900,1765,2401,0.0,-3.899481391
36081119100,1766,2977,2.0,0.380365334
36081119300,1767,2340,2.0,-1.816693811
36081119500,1768,1377,0.0,-2.870953744
36081119900,1769,1505,1.0,-3.351660183
36081120100,1770,1708,0.0,-1.544823928
36081120300,1771,1617,0.0,-3.345689052
36081120500,1772,2856,2.0,-0.986063196
36081120700,1773,2777,1.0,-3.049108137
36081121100,1774,0,2.0,0.1812906532968815
36081121500,1775,3926,1.0,-3.123166559
36081122300,1776,3351,1.0,-2.84613376
36081122701,1777,10048,3.0,-0.698226011
36081122702,1778,6279,6.0,0.619690331
36081124100,1779,3768,0.0,-2.55544993
36081124700,1780,3634,2.0,-4.680512002
36081125700,1781,3166,3.0,-1.301815379
36081126500,1782,1772,7.0,-1.93863499
36081126700,1783,3110,8.0,2.205466311
36081128300,1784,54,4.0,0.28893514100243445
36081129102,1785,3220,2.0,-4.233603609
36081130100,1786,3976,2.0,-2.087716405
36081133300,1787,3845,5.0,-3.232001504
36081133900,1788,1280,2.0,-3.117723073
36081134100,1789,3279,3.0,-4.614147859
36081134700,1790,9014,3.0,0.46226437
36081136700,1791,5737,10.0,-1.764055643
36081137700,1792,6184,0.0,-1.330197446
36081138501,1793,4653,3.0,-3.782597123
36081138502,1794,8,2.0,0.17676816508291882
36081139900,1795,1658,0.0,-5.682022957
36081140300,1796,2387,0.0,-3.082655972
36081140901,1797,974,0.0,-2.745065455
36081140902,1798,2480,2.0,-4.505421906
36081142900,1799,3654,1.0,-3.308733282
36081143500,1800,2177,0.0,-4.299792873
36081144100,1801,2982,1.0,-3.49755295
36081144700,1802,2827,2.0,-3.825830596
36081145101,1803,1450,2.0,-5.354611058
36081145102,1804,2480,0.0,-2.94307422
36081145900,1805,2857,3.0,-2.602662847
36081146300,1806,3026,3.0,-2.520485291
36081146700,1807,2737,9.0,-1.059374188
36081147100,1808,3204,2.0,-1.656905294
36081147900,1809,3938,4.0,-2.137466989
36081148300,1810,3031,1.0,-2.463032101
36081150701,1811,2966,3.0,-3.742932022
36081150702,1812,3224,3.0,-2.029645685
36081152901,1813,6256,0.0,-1.591864618
36081152902,1814,4980,6.0,-2.689987702
36081155101,1815,2170,0.0,-0.0715648975701848
36081155102,1816,7827,4.0,-0.283200296
36081156700,1817,1262,2.0,3.947051259
36081157101,1818,7201,3.0,-4.575817041
36081157102,1819,1570,1.0,-3.181107409
36081157901,1820,4890,3.0,-3.107592306
36081157902,1821,3700,3.0,-6.178762001
36081157903,1822,3852,0.0,-1.430403628
36081161700,1823,4353,0.0,-2.899350906
36081162100,1824,6184,1.0,-1.550635718
36085000300,1825,1761,4.0,6.504095253
36085000600,1826,2461,2.0,1.905612219
36085000700,1827,4943,2.0,-0.256086151
36085000800,1828,4899,4.0,-3.329876414
36085000900,1829,2110,1.0,4.742014713
36085001100,1830,3733,6.0,2.469118769
36085001700,1831,1684,2.0,-0.828946502
36085001800,1832,1030,0.0,5.625835902
36085002001,1833,2320,0.0,-1.890777665
36085002002,1834,3227,1.0,-3.936351769
36085002100,1835,3461,11.0,0.10729506
36085002700,1836,1847,2.0,-1.309443055
36085002900,1837,5291,6.0,-0.424694206
36085003300,1838,3202,0.0,-1.448695771
36085003600,1839,2207,1.0,-2.535354962
36085003900,1840,2196,1.0,3.38175576
36085004000,1841,11296,8.0,-1.39691011
36085004700,1842,3404,3.0,1.046297404
36085005000,1843,3669,3.0,-3.439676353
36085005900,1844,2635,1.0,-1.54441473
36085006400,1845,3647,3.0,-2.283029754
36085007000,1846,7421,8.0,-3.496400154
36085007400,1847,3748,1.0,-2.916452433
36085007500,1848,3715,2.0,-0.389284037
36085007700,1849,1563,1.0,4.154550511
36085008100,1850,4354,2.0,1.436216697
36085008900,1851,0,0.0,0.0043468167176476166
36085009601,1852,3860,8.0,-1.524214598
36085009602,1853,3352,1.0,-1.341710221
36085009700,1854,3828,3.0,-1.586076177
36085010500,1855,4489,12.0,-1.143125702
36085011201,1856,5607,3.0,-2.953164961
36085011202,1857,5687,30.0,-4.173193238
36085011401,1858,2958,1.0,-0.436080432
36085011402,1859,3272,6.0,-2.425527623
36085012100,1860,3176,15.0,-4.461711891
36085012200,1861,3764,4.0,-1.964821734
36085012500,1862,2817,3.0,-2.470445996
36085012804,1863,3914,14.0,-2.097118396
36085013201,1864,1567,0.0,-4.127612767
36085013203,1865,5485,1.0,-5.41470824
36085013204,1866,5107,6.0,-2.982879257
36085013301,1867,1698,3.0,0.540546252
36085013302,1868,2845,33.0,-1.321007679
36085013400,1869,3743,12.0,-3.028575224
36085013800,1870,6617,4.0,-4.1196613
36085014100,1871,2197,3.0,-2.625896497
36085014604,1872,6583,5.0,-3.304612021
36085014605,1873,3918,1.0,-3.569057598
36085014606,1874,6540,0.0,-5.252623923
36085014700,1875,3420,2.0,-2.20129416
36085015100,1876,5040,5.0,-1.801011013
36085015400,1877,7,0.0,-0.0012605203656044894
36085015601,1878,6427,3.0,-3.659413704
36085015602,1879,3494,1.0,-5.250072839
36085015603,1880,4380,4.0,-3.78327106
36085016901,1881,2971,2.0,-1.344679736
36085017005,1882,4023,1.0,-4.340257666
36085017007,1883,3202,0.0,-4.779760825
36085017008,1884,8145,4.0,-4.72922275
36085017009,1885,4464,1.0,-3.78137912
36085017010,1886,9208,0.0,-5.489921916
36085017300,1887,2537,0.0,-1.350471105
36085017600,1888,4812,2.0,-4.768076986
36085017700,1889,5976,3.0,-4.637891803
36085018701,1890,1747,3.0,-2.579801432
36085018702,1891,7339,6.0,-2.675994763
36085018901,1892,5296,6.0,-3.569365952
36085018902,1893,4987,0.0,-4.30319364
36085019700,1894,1906,0.0,-4.482202811
36085020100,1895,3443,5.0,-3.316343229
36085020700,1896,4931,5.0,0.057503532
36085020801,1897,8332,0.0,-3.884875684
36085020803,1898,5432,0.0,-4.474807737
36085020804,1899,5315,1.0,-5.204133113
36085021300,1900,4210,4.0,-2.178598095
36085022300,1901,2313,1.0,-2.222885074
36085022600,1902,6343,0.0,-2.9987644
36085023100,1903,3422,1.0,-2.162199905
36085023900,1904,3022,5.0,-1.96524368
36085024700,1905,2388,6.0,-2.537545612
36085024800,1906,3956,4.0,-4.194667496
36085025100,1907,5811,3.0,-4.496811815
36085027301,1908,3669,1.0,-2.834917412
36085027302,1909,3904,0.0,-3.161135627
36085027702,1910,5913,2.0,-2.558373442
36085027704,1911,3956,2.0,-4.322726812
36085027900,1912,1807,2.0,-3.008973644
36085029102,1913,2393,0.0,-3.432985809
36085029103,1914,7542,4.0,-4.020178738
36085029104,1915,6919,3.0,-4.991707506
36085030301,1916,4845,4.0,-2.329048613
36085030302,1917,6150,2.0,-3.616563076
36085031901,1918,3262,0.0,-0.170120373
36085031902,1919,4202,2.0,0.284137566
36085032300,1920,1108,1.0,-1.888839359
